"","p_val","avg_log2FC","pct.1","pct.2","p_val_adj"
"Rpl37a",0,0.592175895053613,1,1,0
"Rpl35",0,0.672836541131435,1,1,0
"Myef2",0,1.00293683524904,0.994,0.934,0
"Rpl39",0,0.926725244599753,1,1,0
"Rps27",0,1.02037496999402,1,1,0
"Rps20",0,-0.294233731197319,1,1,0
"Rpl5",0,-0.45935596522042,1,1,0
"Chchd2",0,-0.42410865099043,1,1,0
"Snrpg",0,0.789872541081057,1,1,0
"Rps5",0,-0.284642756577152,1,1,0
"Rps16",0,-0.275455069492991,1,1,0
"Rps3",0,-0.376855896703147,1,1,0
"Rpl27a",0,0.669828721025245,1,1,0
"Rps13",0,-0.424608558732174,1,1,0
"Hmgb2",0,0.495476254167988,1,1,0
"Uba52",0,2.34231771423047,0.997,0.919,0
"Tpt1",0,-0.439840264117702,1,1,0
"Gm10076",0,2.14125057578916,1,1,0
"Cox5a",0,-0.484870326296129,1,1,0
"Morf4l1",0,0.684681879965687,1,1,0
"Gm39459",0,-0.987724419544885,0.008,0.335,0
"Sec61g",0,1.71677949539582,0.981,0.827,0
"Rack1",0,-0.43130086415002,1,1,0
"Rpl38",0,1.34016752470798,1,1,0
"Alyref",0,0.545509126075209,1,1,0
"Hist1h2ap",0,2.66430286174805,0.955,0.745,0
"Rps23",0,-0.310894170214534,1,1,0
"Rpl37",0,0.820755757121,1,1,0
"Rpl8",0,-0.286855119837092,1,1,0
"Pcbp2",0,0.569228837498332,1,1,0
"Rps2",0,-0.450135657229829,1,1,0
"Hmga1",0,1.08770754307503,0.985,0.871,0
"CT010467.1",0,-0.919655975613223,1,1,0
"Rpl36",0,0.478131613941387,1,1,0
"Rpl17",0,-0.446603749566175,1,1,0
"mt-Rnr1",0,-1.08115874582819,1,0.999,0
"mt-Rnr2",0,-1.38020923384492,1,1,0
"Serf2",2.04766215288025e-306,0.614305109112402,1,0.999,5.23832931949825e-302
"Rps18",6.61267829237732e-306,-0.345609468439127,1,1,1.69165536075597e-301
"Atp5k",2.00756131568075e-304,0.95363477196752,1,0.998,5.13574335777449e-300
"Rpl29",2.03967236431218e-301,-0.308838086536429,1,1,5.21788984238343e-297
"Rpl27",1.71683354146477e-280,0.476738923588445,1,1,4.39200356577518e-276
"Set",8.70125641091866e-280,0.467269852606386,1,1,2.22595541504121e-275
"Rpl10",1.24922853268149e-279,-0.274256757061776,1,1,3.19577643230579e-275
"Gnb1",1.89731630120852e-277,0.607064992413831,1,0.999,4.85371456175163e-273
"Eif1",2.26639129355187e-272,-0.348478451152991,1,1,5.7978822071644e-268
"Oaz1",7.82930300062696e-271,-0.345280189828934,1,1,2.00289229362039e-266
"Rpl28",7.7220447122286e-267,-0.264961339205679,1,1,1.97545347828232e-262
"Cbx3",9.59080854538597e-266,0.83617157145585,1,0.999,2.45352064208064e-261
"Eef1g",2.15721275820513e-264,-0.361274250492911,1,1,5.51858167804036e-260
"Tomm7",4.65834431892395e-263,0.581206771371389,1,1,1.19169764366712e-258
"Fos",3.97600871939105e-253,1.64267530349835,0.847,0.47,1.01714255059462e-248
"Rpl24",1.54599154236721e-251,-0.442164104122572,1,1,3.95495556368381e-247
"Btf3",2.37223058183242e-248,-0.320010449665594,1,1,6.0686402744437e-244
"Atp5j",3.06523112591862e-248,-0.41858947992846,1,1,7.84147426632501e-244
"Ptges3",3.01899815705047e-242,0.398064265298895,1,1,7.72320108536651e-238
"Usp50",7.34302367355582e-242,1.33491408466339,0.827,0.56,1.87849231616905e-237
"St13",1.20109890580762e-237,0.590842349580469,1,1,3.07265122083707e-233
"Rpl18a",1.33614718635707e-237,-0.279484187597256,1,1,3.41813173213867e-233
"Rsrp1",7.68037499557168e-237,-0.691322951943748,0.972,0.996,1.96479353136715e-232
"Txn1",1.33784973100552e-233,-0.393696717367829,1,1,3.42248718185833e-229
"Rps21",4.635541140851e-233,0.854310349034063,1,1,1.1858641346525e-228
"Hnrnpl",1.32857803631829e-232,0.570738645444154,1,0.988,3.39876833250944e-228
"Rps19",2.7135617893443e-232,-0.253173869558171,1,1,6.9418337695006e-228
"Ndufa4",4.43765191576477e-230,-0.391035961313983,1,1,1.13524011309094e-225
"Calm2",1.89589567921582e-229,0.479487463526661,1,1,4.85008032656992e-225
"Dhx15",2.31358232765249e-227,0.82378131993053,0.991,0.951,5.91860631060059e-223
"Eif3j1",3.52875037513337e-223,1.02691502020789,0.998,0.978,9.02724920966617e-219
"Npm1",4.20937224445301e-223,-0.31325905727157,1,1,1.07684160757597e-218
"Egr1",9.02841145093621e-223,1.22543304153541,0.755,0.358,2.3096482173785e-218
"Vcp",1.56716617786005e-221,0.520978982661186,1,0.998,4.00912451620157e-217
"Atp5pb",2.50368568746927e-221,-0.385776279910459,1,1,6.40492872568388e-217
"Mrpl20",9.66037889334195e-220,-0.481633763810299,0.999,1,2.47131812849474e-215
"Eef2",3.12008632017068e-219,0.451833697442292,1,1,7.98180482426063e-215
"Cox7c",3.24275927600518e-213,0.463093169457681,1,1,8.29562677987646e-209
"Ndufb1-ps",7.13518360249599e-212,0.719706089774986,0.998,0.981,1.82532266919052e-207
"Sms",7.27872186181795e-211,0.834689307688037,0.991,0.967,1.86204262669027e-206
"Tra2b",1.42536389818816e-203,0.695932871199607,0.996,0.979,3.64636592434496e-199
"Park7",5.22250309758216e-199,-0.395540089497034,1,1,1.33602074242347e-194
"Ywhaz",1.86888475237732e-197,0.582371160990746,1,0.999,4.78098097353166e-193
"Dpysl2",3.76814660849256e-197,0.748553765695421,0.945,0.776,9.63967265384567e-193
"Rpl3",2.10840344315254e-195,-0.259423835366225,1,1,5.39371768827282e-191
"Psmd8",1.22210238099862e-194,-0.438380770016027,0.999,1,3.12638231107066e-190
"Wdfy1",3.94820172464723e-187,-0.586960446073353,0.226,0.602,1.01002896519925e-182
"Mrpl18",4.2098475520974e-184,-0.418376335434072,0.999,1,1.07696320077756e-179
"Sinhcaf",1.93764621497341e-183,0.632538749855161,0.998,0.977,4.95688654714497e-179
"Jun",2.83786111647965e-183,1.18336757946872,0.874,0.606,7.25981630817825e-179
"Atp5e",2.16560981968975e-181,0.368120462560652,1,1,5.54006304073031e-177
"Rpl7",5.90637352354321e-180,-0.279347412329615,1,1,1.51096847479282e-175
"Fkbp3",1.11938674103429e-179,-0.309068347840484,1,1,2.86361516091392e-175
"Pgam1",5.25148576943942e-178,-0.374059694512316,1,1,1.34343508953799e-173
"Hnrnph1",1.59760987191918e-177,0.471992960513279,1,0.995,4.08700557434364e-173
"Psmb1",1.80074523519936e-172,-0.329292080098273,1,1,4.606666460687e-168
"Glrx3",6.56126643119939e-172,-0.367851248903845,1,1,1.67850317842943e-167
"Rpl6",1.1929245402493e-171,0.529125534649529,1,1,3.05173955886577e-167
"Ndufb8",1.64752793660036e-170,-0.380188523433644,1,1,4.21470596741105e-166
"Snhg1",8.10045077139219e-170,0.590413735889209,1,0.999,2.07225731633755e-165
"Adh5",5.80806965372685e-169,-0.420578705643348,0.999,1,1.4858203788164e-164
"Pcnp",4.61186595156162e-168,0.477789882063823,0.998,0.987,1.17980754772849e-163
"Ndufa3",1.05052882602475e-166,0.705271645907477,0.984,0.941,2.68746284273652e-162
"Ssb",1.13090201136602e-166,-0.315322786883685,1,1,2.89307352547654e-162
"Gng5",5.35710296624404e-166,-0.284942574428079,1,1,1.37045408082455e-161
"Ssr1",1.82145611442842e-165,0.57146947901819,0.989,0.933,4.65964903193079e-161
"Psmb5",6.24121460733325e-165,-0.381999928892993,1,1,1.59662752084799e-160
"Dnajb6",5.0763769548547e-164,0.470044312427095,0.999,0.993,1.29863875259093e-159
"Ewsr1",1.11530317121235e-163,0.466765519491146,0.999,0.995,2.85316857259543e-159
"Nudcd3",1.57612211520971e-163,0.761809570238985,0.89,0.748,4.03203559512947e-159
"Ctsl",1.6129669235097e-160,-0.536548067139192,0.995,0.998,4.12629198372251e-156
"2410006H16Rik",2.23596498791657e-159,0.655456508859617,0.998,0.99,5.72004563208816e-155
"Metap2",4.14216667727797e-158,0.530126696423542,1,1,1.05964907938125e-153
"Bola2",1.83470468732147e-156,0.494112174864695,0.999,0.998,4.69354153110578e-152
"Cdk4",6.85741888713671e-155,-0.284613564364633,1,1,1.75426489970731e-150
"Gm6477",7.23669801269076e-155,-0.537756084208129,0.949,0.981,1.85129208560655e-150
"Ppa1",2.25170430456765e-154,-0.374080293204988,1,1,5.76030995194496e-150
"AC160336.1",5.47196634056547e-154,0.850831100159208,0.462,0.107,1.39983842924346e-149
"Trim28",6.28077983786396e-153,0.412775854826873,1,0.999,1.60674909812236e-148
"Stmn1",8.8239909692667e-153,-0.403439306834959,1,1,2.25735336975781e-148
"Actb",6.01933053714631e-152,0.557506631519481,1,1,1.53986513801277e-147
"Tomm20",7.20287382282818e-152,-0.317970525946705,1,1,1.84263918135591e-147
"Celf1",3.34629712313763e-148,0.514647256126299,0.985,0.951,8.56049730041069e-144
"Calm1",1.86188407170233e-147,-0.375004832541367,1,1,4.76307183222891e-143
"Psma3",2.17969369555269e-147,-0.330660137098442,1,1,5.57609241196289e-143
"Eif5b",2.44229343275337e-147,0.648548088061484,0.998,0.997,6.24787505966967e-143
"Psmb4",4.89208011170055e-146,-0.328419424516506,1,1,1.25149193417523e-141
"Pomp",1.06863264790715e-145,-0.304124471626623,1,1,2.73377603987608e-141
"Elavl1",1.45873181490956e-145,0.440871684461147,1,0.985,3.73172772890164e-141
"Rbbp4",2.75627627291078e-145,0.339037606223901,1,1,7.05110596136037e-141
"Eif3k",6.12673264896466e-145,-0.275271549577877,1,1,1.56734074625814e-140
"Atp5l",9.61124175622615e-145,0.840287254870675,0.77,0.574,2.45874786607777e-140
"Hspe1",1.28062579067049e-144,-0.265914797018207,1,1,3.27609689769324e-140
"Sec61b",3.22483147027676e-143,-0.290381938872847,1,1,8.24976386726201e-139
"Chchd1",1.30240350348478e-141,-0.369493033182984,0.998,1,3.33180864261477e-137
"Matr3",5.45897564137834e-141,0.470496024802799,0.997,0.985,1.39651514857741e-136
"Gm28438",7.52593631403823e-140,1.13055908967282,0.675,0.448,1.92528502785726e-135
"Bzw1",4.96309229588162e-139,-0.337722989854413,1,1,1.26965827113244e-134
"Hint1",6.33758107661952e-139,-0.30288639917309,1,1,1.6212799910208e-134
"Ndufb5",1.21113302975213e-138,-0.332636224401025,1,1,3.09832051671190e-134
"Rps23-ps1",2.76176166694759e-138,-0.526217233393015,0.795,0.945,7.06513869638532e-134
"Marcksl1",1.18795918418322e-135,0.343335086941437,1,0.997,3.03903718497751e-131
"Psma4",3.58529519993652e-135,-0.299732526781755,1,1,9.17190218047762e-131
"Acp1",8.01841083262411e-135,-0.333326466708296,0.999,1,2.0512698592019e-130
"Hnrnpf",1.26242346795238e-133,0.346111323824527,1,1,3.22953171571577e-129
"Rps10",2.75855632952036e-133,-0.273725379119417,1,1,7.05693880217897e-129
"Hypk",5.67233632574057e-133,-0.438538963603512,0.961,0.993,1.45109707885095e-128
"Sfr1",1.95420924398848e-132,-0.334044546976353,1,1,4.99925808797133e-128
"Paics",2.5644173712516e-132,-0.351620955465766,1,0.999,6.56029251913584e-128
"Srsf2",5.17627662830459e-132,0.311805503644344,1,1,1.32419508705288e-127
"Gsk3b",9.38996623707917e-132,0.532367025962876,0.971,0.879,2.40214116276959e-127
"Timm23",3.59271884470927e-131,-0.355870831832108,1,1,9.19089334853525e-127
"Snrpd1",1.19506681564808e-130,-0.254323485556397,1,1,3.05721992779093e-126
"Imp3",1.20245536144694e-130,-0.44293994285097,0.98,0.995,3.07612130565355e-126
"Ppp1r14b",1.53289871414275e-130,-0.342939581942339,1,1,3.92146149051997e-126
"Timm17a",1.9526397315271e-130,-0.418436988563113,0.984,0.996,4.99524296119262e-126
"Ubb",5.05759632141516e-129,0.338196034488419,1,1,1.29383429094443e-124
"Slbp",6.42475754870115e-129,0.518499866205025,0.998,0.982,1.64358147610873e-124
"Selenoh",8.46081273984523e-128,-0.276254819444028,1,1,2.16444511510721e-123
"Glrx5",3.31104282561151e-127,-0.409401749418661,0.998,0.999,8.47030975647935e-123
"U2af2",2.35102494617399e-126,0.477005882062437,0.993,0.979,6.01439201730229e-122
"Prdx2",2.79819250425915e-126,-0.295224357350741,1,1,7.15833606439575e-122
"Lars2",3.63213000334133e-126,-0.470868080034752,0.261,0.576,9.2917149745478e-122
"Cct5",1.36138276928535e-125,-0.269925107326365,1,1,3.48268940038577e-121
"Rbm25",4.70126629374199e-124,0.413515469121219,1,0.999,1.20267794326508e-119
"Mapk1ip1l",6.76671464797972e-124,0.507528428219171,0.96,0.894,1.73106094124617e-119
"Psmb6",7.91557092222152e-124,-0.28101241239658,1,1,2.02496135332271e-119
"Eif3i",8.51044975741399e-124,-0.282767158288317,1,1,2.17714325694165e-119
"Ctnnb1",6.58160915636546e-123,0.420308293488642,0.999,0.99,1.68370725438141e-118
"Fus",1.22329568694478e-122,0.400770147930282,1,0.997,3.12943502634213e-118
"Ddx3x",5.86843699169599e-122,0.491271631251902,0.988,0.963,1.50126355121567e-117
"Chchd7",7.20125855537893e-122,-0.511089110450622,0.918,0.974,1.84222596363704e-117
"Tcof1",3.78428783938452e-121,0.579188668730391,0.96,0.896,9.68096515071348e-117
"Srsf7",7.72859068372124e-121,-0.302932114143959,1,1,1.97712806870957e-116
"Gm9800",1.10118092886534e-120,-0.524915088006923,0.877,0.956,2.81704105222332e-116
"Prdx4",3.75560950826461e-120,-0.370259131278341,0.998,0.999,9.60760024404253e-116
"Psmc4",1.52180106590345e-119,-0.320718567303425,0.999,0.999,3.8930714867942e-115
"Eif4a2",2.41352529021687e-119,0.500773878425277,0.975,0.907,6.17428039743281e-115
"Pfdn6",7.45979439246074e-118,-0.351041457507188,0.998,1,1.90836460147931e-113
"Taf10",1.32243604676704e-117,-0.28603311997574,1,1,3.38305589483943e-113
"1110004F10Rik",1.51397636587082e-117,0.399124752703627,1,1,3.87305433917073e-113
"Hist1h2an",2.16454673359879e-117,-0.318540873164679,0.048,0.246,5.53734345389242e-113
"Slc38a2",3.30736896759983e-117,0.530065717556891,0.986,0.944,8.46091129291389e-113
"Rbm39",3.35355501442143e-117,0.379488042392684,1,1,8.5790644378929e-113
"Dctpp1",2.82506674573547e-116,-0.328520631430177,1,1,7.22708574894049e-112
"Psmc2",6.95133093514633e-115,-0.336425157663446,0.996,1,1.77828947982913e-110
"Fam162a",7.27964620389577e-115,-0.531404160750285,0.999,0.999,1.86227909188062e-110
"Pdia4",7.24716009746156e-114,0.495281126637433,0.991,0.965,1.85396849613262e-109
"Rpgrip1",1.53222664947786e-113,0.900806263950915,0.873,0.746,3.91974221469426e-109
"Rtf1",1.76362532186292e-113,0.483615258749785,0.991,0.973,4.51170629838971e-109
"H2bc18",1.69850736001367e-112,-0.463558726186769,0.15,0.408,4.34512152838697e-108
"Mrps18c",1.55010809712e-111,-0.415657254572744,0.921,0.984,3.96548653405237e-107
"Rsrc2",2.25707879459994e-111,0.414216352863261,0.998,0.991,5.77405897234556e-107
"Thyn1",3.97601666866092e-110,-0.419601925083911,0.945,0.987,1.01714458417684e-105
"Wdr43",6.18883088214717e-110,0.591326400159829,0.989,0.968,1.58322671627089e-105
"Cacybp",8.29396999434668e-110,-0.295003974626454,1,1,2.12176340395377e-105
"Arf4",3.06357746470616e-109,0.341250751105184,1,0.999,7.8372438702113e-105
"Psma6",3.72186093197146e-109,-0.299578819286475,0.999,1,9.52126463616939e-105
"Smarcd1",5.28472643034065e-109,0.621812337099797,0.962,0.935,1.35193871540974e-104
"Skp1a",5.30702527672345e-109,0.385686603872161,1,0.999,1.35764320629139e-104
"Csde1",7.63894574766572e-109,0.401865945527005,0.998,0.99,1.95419510116784e-104
"Cse1l",4.97386749409782e-108,0.527804392480575,0.938,0.864,1.2724147823401e-103
"H2az2",1.41051670691522e-107,-0.333434445785702,1,0.999,3.60838383963051e-103
"Eif3m",3.88911409980343e-107,-0.279910768492287,1,1,9.94913169011714e-103
"Tomm5",4.14573207532133e-107,-0.375299344472929,0.999,1,1.0605611795087e-102
"Knop1",8.29637558204529e-107,0.521580836261763,0.993,0.982,2.12237880139883e-102
"Hnrnpa3",6.42706857237162e-106,0.332716548295592,1,1,1.64417268218411e-101
"Clk1",1.35981752292097e-105,0.529810589611745,0.925,0.802,3.47868518713642e-101
"Prdx6",6.96291707568755e-105,-0.331599248561038,1,1,1.78125344630239e-100
"Pcbp1",1.06254564158317e-104,0.283837800808295,1,1,2.71820426029807e-100
"Ndufc2",3.55275930965028e-104,-0.287831470891577,1,1,9.08866886594734e-100
"Eif6",6.62598671122952e-104,-0.324995223219251,1,0.999,1.69505992046674e-99
"Ccnt2",7.62943197261866e-104,0.54167149605432,0.776,0.568,1.9517612872353e-99
"Phb2",1.62101640889886e-103,-0.280219867729293,1,1,4.14688417724506e-99
"Emc6",2.29281516692315e-103,-0.33666473890127,0.996,0.999,5.86547976002279e-99
"Psma2",5.28700885061203e-103,-0.259980225288596,1,1,1.35252260416357e-98
"Ndufab1",1.29900969243933e-102,-0.316745426205548,0.998,1,3.32312659519828e-98
"Lage3",2.22587261891378e-102,-0.396150033190121,0.93,0.982,5.69422733370523e-98
"Arglu1",5.43777050025302e-102,0.343105199584118,1,1,1.39109044937473e-97
"Snhg3",6.01132067438947e-102,0.556844338467408,0.98,0.944,1.53781605492231e-97
"Morf4l2",1.04743501675107e-101,0.325960065661689,1,0.999,2.67954825985258e-97
"Snrpf",1.41704026898572e-101,0.294689092732012,1,1,3.62507241611928e-97
"Nme1",4.3925220996861e-101,-0.253689922488791,1,1,1.1236950035417e-96
"H4c3",4.39782378479021e-101,-0.305627059947792,0.06,0.252,1.12505128062503e-96
"Sall4",4.56004742280345e-101,0.599665509628839,0.937,0.827,1.16655133170158e-96
"Ppp2ca",7.22179648520629e-101,0.29122501855705,1,1,1.84747997684547e-96
"Ddx18",9.25324127693704e-101,0.546588491693983,0.99,0.978,2.36716418346603e-96
"Ppil1",9.4942782182607e-101,-0.392391044218349,0.971,0.989,2.42882625379545e-96
"Rab5if",1.8708920947291e-100,-0.306945795999782,1,1,4.78611615673599e-96
"Eif5",1.99302294145592e-100,-0.26433582990474,1,1,5.09855128883252e-96
"Hnrnpm",2.85176470754369e-100,0.40498143658276,1,0.999,7.29538447483827e-96
"Tspan3",3.80306835321785e-100,-0.333007010287173,0.997,0.997,9.72900946120189e-96
"Slc25a5",8.06077838141378e-100,-0.331029049058844,1,1,2.06210832553327e-95
"Sox11",8.41598821225582e-100,0.56998723234887,0.986,0.957,2.15297810445928e-95
"Mrpl12",1.23990983318357e-99,-0.313467126771025,1,1,3.17193733525022e-95
"Hk2",1.69569656307132e-99,0.692218729099584,0.891,0.814,4.33793094764905e-95
"Slc24a5",2.54526628863584e-99,0.675793832723642,0.944,0.887,6.51130021958821e-95
"Snhg8",4.40186424545462e-99,0.60656382994794,0.931,0.884,1.1260849112722e-94
"Esd",9.10194834382868e-99,-0.301849212288574,1,1,2.32846042531825e-94
"Brd3",1.10178359964736e-98,0.498739623059172,0.978,0.947,2.81858280461789e-94
"Son",4.02456155149443e-98,0.47221672799929,0.997,0.995,1.0295633361033e-93
"Pum1",2.2086256009538e-97,0.441779539775543,0.971,0.928,5.65010601236001e-93
"Tnrc6a",5.90887905549335e-97,0.516623934969862,0.898,0.803,1.51160943997631e-92
"Exosc3",9.45727807915291e-97,-0.385052134765236,0.946,0.984,2.4193608782089e-92
"Cops3",3.66307352479033e-96,-0.362775240418025,0.973,0.993,9.37087469111863e-92
"Wtap",4.10908972400639e-96,0.446721322040197,0.964,0.91,1.05118733319531e-91
"Nap1l1",4.38958840336376e-96,0.270044652823894,1,1,1.12294450534852e-91
"Ppp4c",5.62747770578364e-96,0.40494068306056,0.984,0.947,1.43962134669357e-91
"Siva1",1.57920664393708e-95,-0.307044165088932,1,0.999,4.03992643651985e-91
"Nme2",1.93362806595619e-95,0.863708313336951,0.552,0.346,4.94660731832912e-91
"Arpp19",3.38448219519636e-95,0.295151594989771,1,0.999,8.65818235175133e-91
"Tmco1",5.30862267021532e-95,0.460319850540176,0.963,0.92,1.35805185149448e-90
"Psma1",1.19287565453594e-94,-0.282149227360405,1,1,3.05161449943384e-90
"Edf1",2.36160523860609e-93,-0.276151875851814,1,1,6.04145852140211e-89
"Ndufv2",2.95633857578099e-93,-0.314055355718732,0.996,1,7.56290534456294e-89
"Azin1",4.57268188881267e-93,0.498658386309956,0.876,0.755,1.16978348079606e-88
"Ddx54",9.45610250455398e-93,0.554384630327973,0.892,0.829,2.419060142715e-88
"Ostc",1.90214094614934e-92,-0.282376492038834,1,1,4.86605696843925e-88
"Sugt1",2.0773227682333e-92,-0.336833613740533,0.991,0.998,5.31420710569442e-88
"Eif2s3x",7.38210027869865e-92,0.482725624095251,0.89,0.794,1.88848889329669e-87
"Ythdf2",1.87695424791027e-91,0.436905947712178,0.953,0.907,4.80162435700406e-87
"Pfas",2.19573369389623e-91,0.543861900293103,0.726,0.519,5.61712593572534e-87
"Romo1",3.09556182829955e-91,0.384786106380436,0.999,0.996,7.9190662691559e-87
"Atp5g1",3.35511762048238e-91,-0.254335410351967,1,1,8.58306189671803e-87
"Lamtor5",4.07009433204856e-91,-0.36285765342652,0.958,0.989,1.04121153202466e-86
"Timm13",5.4417044201536e-91,-0.252226124886898,1,1,1.39209682476369e-86
"Gatad2a",5.46253907647841e-91,0.486860018946963,0.938,0.887,1.39742674654471e-86
"Igf2bp1",9.04046358720481e-91,0.353255776976576,0.999,0.993,2.31273139487873e-86
"H2bc11",1.74688043460662e-90,-0.476023142545199,0.33,0.589,4.46886952781066e-86
"mt-Atp6",4.31304818931737e-90,-0.395367097230394,0.357,0.628,1.10336398779117e-85
"Rbm15",9.47386429308506e-90,0.572376558866533,0.772,0.596,2.42360396345702e-85
"Ndufa8",1.50570692238652e-89,-0.331629826922347,0.986,0.996,3.85189944884919e-85
"Med8",2.6423478753948e-89,-0.346352108327528,0.973,0.994,6.75965433483497e-85
"Txndc17",6.86697487096468e-89,-0.2855048065296,0.999,1,1.75670951149018e-84
"Psma5",9.32269156224571e-89,-0.259997091487923,1,1,2.3849309554537e-84
"Polr1d",1.58368004966081e-88,-0.259324353428965,1,1,4.05137030304227e-84
"Sf1",1.74569798572445e-88,0.405121822884661,0.972,0.933,4.4658445870803e-84
"Vdac1",2.26491882757343e-88,0.276931499203886,1,0.999,5.79411534469834e-84
"Ndufs4",3.16270445332703e-88,-0.323681074294715,0.983,0.997,8.09083053250121e-84
"Polr2e",3.87293834754625e-88,-0.28446102439628,1,1,9.90775088069282e-84
"Tpm4",4.8036811043652e-88,0.455719565138053,0.998,0.988,1.22887770011871e-83
"Ufc1",3.19435896239751e-87,-0.352249373041617,0.962,0.996,8.1718090976053e-83
"Hikeshi",5.09642995939635e-87,-0.349356722723907,0.96,0.99,1.30376871221277e-82
"Mcmbp",5.48218603402497e-87,0.474064986904655,0.897,0.799,1.40245283122427e-82
"Cks1b",3.23919715150506e-86,-0.25380398136782,1,1,8.28651415298026e-82
"Tfdp1",4.96823472549135e-86,0.407172827296496,0.99,0.966,1.2709738074752e-81
"4933404O12Rik",6.06849627757501e-86,0.398249355000477,0.316,0.075,1.55244271772924e-81
"Snrpa1",6.32784830180949e-86,-0.283077710008385,1,1,1.6187901525689e-81
"2810025M15Rik",2.07888302728992e-85,-0.366707816907548,0.979,0.994,5.31819856041308e-81
"Tardbp",2.10925558407935e-85,0.427090322267962,0.994,0.985,5.3958976351918e-81
"Ift74",6.19986127893775e-85,-0.436188435322946,0.723,0.872,1.58604851237785e-80
"Timm8b",7.55993405070976e-85,-0.312796025483721,0.994,1,1.93398232885257e-80
"Rpsa-ps10",7.9199287637747e-85,-0.4161562277386,0.661,0.848,2.02607617634884e-80
"Grpel1",1.0346925499723e-84,-0.300882301456201,0.996,0.999,2.64695048133913e-80
"Dctn4",1.15243603647033e-84,0.512791570471279,0.83,0.722,2.94816186849839e-80
"Rala",1.21287909938015e-84,-0.344100234537108,0.973,0.993,3.1027873120343e-80
"Ywhah",1.37994753316495e-84,0.305995406706964,1,0.998,3.53018177934256e-80
"Atp5md",1.6906086474322e-84,0.319726351267263,1,1,4.32491504186105e-80
"Tsn",1.89356009481671e-84,-0.268230641346804,0.999,0.999,4.8441054345601e-80
"Alkbh5",3.20531265314021e-84,0.477865356220122,0.866,0.737,8.19983082926329e-80
"Zbtb8os",3.47662840682742e-84,-0.414400571862735,0.692,0.872,8.8939107903459e-80
"H2ac8",1.12848799963691e-83,1.04079597879393,0.942,0.831,2.88689800067114e-79
"Ndufb11",1.18153018912554e-83,-0.296041087893121,0.998,1,3.02259052982095e-79
"5430416N02Rik",3.30463659519768e-83,0.501802938187559,0.881,0.763,8.4539213378347e-79
"Khsrp",4.42477342915475e-83,0.434381761901304,0.909,0.817,1.13194553864637e-78
"Dnajc15",6.66404004350705e-83,-0.344046351841727,0.96,0.984,1.70479472392997e-78
"Trmt112",1.32919111678165e-82,-0.275935238364198,0.998,0.999,3.40033671495082e-78
"Brd2",2.17439182699733e-82,0.435383430242098,0.951,0.889,5.56252917182457e-78
"Mybbp1a",2.64383884298139e-82,0.589394870886817,0.985,0.974,6.763468528115e-78
"Mrpl43",4.42481892452641e-82,-0.323237062648848,0.983,0.998,1.13195717727234e-77
"mt-Nd2",5.16402286314396e-82,-0.340319260524207,1,0.998,1.32106032884949e-77
"Ssbp3",9.96827674733196e-82,0.413878204044429,0.972,0.924,2.55008455750246e-77
"Ndufb9",3.04325055371967e-81,-0.251788807584358,1,1,7.78524356652566e-77
"Cox17",6.27710408539309e-81,0.503330846382965,0.88,0.796,1.60580876712526e-76
"Dnajc19",6.77943019180214e-81,-0.340851102876151,0.975,0.997,1.73431383166682e-76
"Pafah1b3",8.46928699533688e-81,-0.360728122587215,0.973,0.989,2.16661299914708e-76
"Sar1b",2.74618203156501e-80,-0.343557858484293,0.945,0.986,7.02528287314961e-76
"Gm4742",3.89273402218087e-80,0.338553796140293,0.191,0.001,9.95839217554311e-76
"Prelid1",5.19964052483111e-80,-0.255124359669767,1,1,1.3301720390623e-75
"Selenof",6.18592991033265e-80,-0.252330440706087,1,1,1.5824845896613e-75
"Dgcr6",8.56554583138489e-80,-0.345929626577294,0.935,0.976,2.19123793458488e-75
"Snhg9",9.0568206890918e-80,0.606012300741944,0.624,0.425,2.31691586868346e-75
"Ivns1abp",9.8257882476342e-80,0.406876688469472,0.971,0.937,2.51363314950978e-75
"Snx6",1.34578978947984e-79,-0.303332423751271,0.991,0.999,3.44279943944732e-75
"Trim71",1.44217446343476e-79,0.400962140932984,0.973,0.947,3.6893707123588e-75
"Rab2a",1.05473298360869e-78,-0.320120005755603,0.988,0.997,2.69821791866775e-74
"E2f3",1.49117080414038e-78,0.621716929221981,0.852,0.78,3.81471315115192e-74
"Gt(ROSA)26Sor",2.02059770854093e-78,0.508781829641174,0.826,0.66,5.1690930579894e-74
"Nmt1",2.80036665975472e-78,0.493837822624045,0.937,0.907,7.16389798898454e-74
"Lin28a",2.87030408378547e-78,0.447041478118245,0.968,0.919,7.34281190713999e-74
"Ssr4",3.30328706689361e-78,-0.311971227867029,0.989,0.996,8.45046897452724e-74
"Lamtor1",5.29883997895604e-78,-0.32021457862679,0.984,0.996,1.35554924341653e-73
"Sox4",6.54160658163023e-78,0.493933776042889,0.989,0.948,1.67347379571265e-73
"Atf4",8.21075388559703e-78,0.391204308717832,0.978,0.938,2.10047505901343e-73
"H1f5",8.38508492590435e-78,-1.15095252606686,0.716,0.793,2.14507242574485e-73
"Mrps14",1.76948086097933e-77,-0.270383332183284,0.996,1,4.52668593855731e-73
"Malsu1",3.91257661955113e-77,-0.356674253959501,0.875,0.961,1.00091535081357e-72
"Zfp36l1",4.40700522889973e-77,0.545116739865399,0.892,0.803,1.12740007765713e-72
"Eif2s2",1.21657306650481e-76,0.368045711195079,1,1,3.11223721873261e-72
"Eloc",1.37969844377312e-76,-0.252361248713727,1,1,3.5295445588604e-72
"Rhob",1.48889470127539e-76,0.589112279151793,0.76,0.592,3.80889042480271e-72
"Cnot3",1.68918072220152e-76,0.483313596605352,0.874,0.787,4.32126212353592e-72
"Ppib",1.74207685543921e-76,-0.299314995923027,1,1,4.45658101158458e-72
"Usp14",2.26555534053839e-76,0.380686645933387,0.99,0.981,5.7957436721653e-72
"Gm8430",2.28625447231763e-76,-0.353206843022803,0.89,0.959,5.84869619108295e-72
"Gm9616",2.81329636982506e-76,-0.32808171764685,0.935,0.987,7.19697477328648e-72
"Pclaf",3.15286402448887e-76,0.329469119419245,0.999,0.997,8.06565674744744e-72
"Tex10",3.47549040858474e-76,0.520610579139667,0.84,0.758,8.89099956324148e-72
"Nme4",9.11191913992061e-76,-0.422306498084447,0.803,0.914,2.33101115437449e-71
"H4c4",1.56436279879463e-75,-0.562840451959594,0.483,0.69,4.00195291187643e-71
"Psmb7",3.05591136606529e-75,-0.250510050943156,1,1,7.81763245666823e-71
"Rad23b",4.47159176983743e-75,0.374323195607855,0.99,0.979,1.14392260655981e-70
"Pdcd6",5.8601350060627e-75,-0.32479543115795,0.962,0.99,1.49913973725096e-70
"Fam92a",6.64470930854621e-75,-0.410391283587824,0.785,0.904,1.69984953531229e-70
"Rnaseh2c",8.44257061380901e-75,-0.303086290132949,0.991,0.999,2.15977841442462e-70
"Rps28",1.73351741992844e-74,0.989371057376926,1,1,4.43468426366093e-70
"Trappc4",3.19811393448287e-74,-0.29497531582296,0.984,0.996,8.18141506719407e-70
"Srsf11",2.51968269669022e-73,0.263667754837408,1,0.999,6.44585227467291e-69
"Eif3g",2.81216385391282e-73,-0.28737058628183,0.996,0.998,7.19407757107979e-69
"H1f2",2.81471705104236e-73,-0.468797465714049,0.328,0.555,7.20060915997656e-69
"Tnpo1",7.6668909247892e-73,0.426785337730387,0.885,0.797,1.96134403637957e-68
"Rabggtb",9.19743872109963e-73,0.402311433094006,0.963,0.927,2.35288877363171e-68
"Coq7",9.71131778225866e-73,-0.339965775915759,0.93,0.974,2.48434931505741e-68
"Prpf4b",1.10536245751758e-72,0.621584591118277,0.987,0.99,2.82773823882146e-68
"Serbp1",1.2301779152317e-72,0.304842871044475,1,1,3.14704114274573e-68
"Caprin1",1.84095018035337e-72,0.392427399721158,0.999,0.999,4.70951875137999e-68
"Cops9",1.87826307184552e-72,0.395155082632947,0.976,0.963,4.80497259039522e-68
"Gsr",5.07691849741962e-72,0.431859256058407,0.915,0.822,1.29877729000989e-67
"Eif4ebp2",2.09988301232064e-71,0.421162099744099,0.928,0.864,5.37192072211867e-67
"Dctn6",2.73492949822374e-71,-0.370792976113146,0.697,0.858,6.99649664235597e-67
"Sars",5.99970632816378e-71,0.419866131427048,0.967,0.93,1.53484487287086e-66
"Ywhag",7.76465146579725e-71,0.368276665096862,0.963,0.913,1.98635313798025e-66
"Nmt2",9.60691725164679e-71,0.472727040500504,0.795,0.642,2.45764157131628e-66
"Mrto4",9.72184755643895e-71,-0.279994951799962,0.998,0.998,2.48704304188821e-66
"Mrpl28",1.7189386361926e-70,-0.269582421157236,0.995,0.999,4.3973888191079e-66
"Bcl10",2.04326301036839e-70,0.446685024105891,0.851,0.755,5.22707543312441e-66
"Tpi1",2.27644632686585e-70,-0.324512062797486,1,1,5.82360499338821e-66
"Hmga2",4.59150898509638e-70,0.396462662894689,0.998,0.992,1.17459982856735e-65
"Unc119",1.16806862290156e-69,-0.404623122743248,0.789,0.899,2.98815315110676e-65
"Ddx39",1.36869084094746e-69,-0.263283735236837,1,1,3.5013849093118e-65
"Timm10b",1.51609917484438e-69,-0.378354258872385,0.898,0.961,3.87848490908689e-65
"Gm9761",2.16265717259993e-69,-0.297536192384482,0.171,0.38,5.53250957894514e-65
"Exosc8",1.76299836202703e-68,-0.28875318717858,0.992,0.999,4.51010240973755e-64
"Tmsb10",2.37452166694451e-68,0.294621626808893,1,1,6.07450132837744e-64
"Hspa8",2.49644489641565e-68,0.255163653845695,1,1,6.38640533401052e-64
"Gars",2.63657973632247e-68,0.362620199626677,0.986,0.953,6.74489828146014e-64
"Slc25a36",2.87431925974932e-68,0.460671026218492,0.651,0.464,7.3530835302907e-64
"Pdia6",4.4530928846296e-68,-0.2612838806913,1,1,1.13919022174594e-63
"Mcm2",6.9865405888819e-68,0.398253555697507,0.911,0.818,1.78729681344777e-63
"Ndufb10",9.67669571796194e-68,-0.269783631583695,0.996,0.999,2.47549229856902e-63
"Eif3a",1.15023872719814e-67,0.285098443019935,1,0.999,2.94254071191827e-63
"Acin1",1.50529386729149e-67,0.325784587331283,0.996,0.993,3.85084277130509e-63
"Sdhd",1.5848736358446e-67,-0.319834224716084,0.972,0.989,4.05442373521765e-63
"Rpl7l1",1.861158964846e-67,-0.297180280576484,0.989,0.996,4.76121686386905e-63
"Ap2a2",2.64044445411156e-67,0.494599409197301,0.754,0.633,6.75478500250819e-63
"Wdr83os",4.6010868411155e-67,-0.29286883001689,0.977,0.994,1.17705003569417e-62
"Cnbp",5.00517259391525e-67,-0.260233306454017,1,1,1.2804232529754e-62
"Asnsd1",6.51706683775611e-67,0.419575942174995,0.82,0.679,1.66719603843477e-62
"Sf3a3",7.87561353215219e-67,-0.276591169563268,0.99,0.997,2.01473945379517e-62
"Dmac1",9.96004326919171e-67,-0.326327316075984,0.873,0.953,2.54797826912462e-62
"Arl1",1.09233419000209e-66,-0.300231143181555,0.973,0.988,2.79440932486335e-62
"Gmps",1.11080475596078e-66,-0.269472837754475,0.996,1,2.84166072669888e-62
"Glod4",1.22891696530819e-66,-0.317158846518973,0.937,0.976,3.14381538065142e-62
"Rad51",1.63449688376075e-66,0.40294885070361,0.939,0.871,4.18136992803675e-62
"Ube2d2a",1.84648338537031e-66,0.2973214677213,0.999,0.998,4.72367379645432e-62
"Lsm14a",1.9376830558628e-66,0.399619932476214,0.861,0.744,4.95698079350821e-62
"Commd6",2.49221167729319e-66,-0.335868872684902,0.858,0.949,6.37557591285143e-62
"Ptbp2",7.53832838421894e-66,0.404576028576105,0.938,0.871,1.92845516725089e-61
"Jund",1.18817565879765e-65,0.48635817126371,0.971,0.927,3.03959097033616e-61
"Gm8399",1.20811937827494e-65,-0.326680454129315,0.287,0.515,3.09061099350295e-61
"Rab18",1.29982039153907e-65,0.347873335264088,0.97,0.931,3.32520052563526e-61
"Wbp11",1.32392358789944e-65,0.414179176417973,0.979,0.962,3.38686132256434e-61
"Unc50",1.58152557501718e-65,-0.350808856165225,0.8,0.913,4.04585872600895e-61
"Psmg1",2.44525297246003e-65,-0.280878270850247,0.979,0.995,6.25544615414724e-61
"Cdca7",2.47937745646265e-65,0.407365179797162,0.976,0.948,6.34274340912276e-61
"Canx",2.75188752891258e-65,0.311848750376406,0.999,0.999,7.03987867646417e-61
"Rbbp9",3.04578102508368e-65,-0.36929253300902,0.441,0.666,7.79171701836908e-61
"Coa3",3.05428838297458e-65,-0.26504631046956,0.993,0.999,7.81348054132556e-61
"Ola1",4.27093076882982e-65,-0.2803784624712,0.998,0.999,1.09258950928204e-60
"Snrnp27",6.2938106349276e-65,0.363322885331887,0.978,0.951,1.61008263662718e-60
"Scd2",7.47992670633041e-65,0.444220288224948,0.928,0.85,1.91351485001344e-60
"Tpr",7.68700585407243e-65,-0.25975345281583,0.999,1,1.96648983758881e-60
"Aldoa",8.62066899963902e-65,-0.263852797323883,1,1,2.20533954348765e-60
"Cebpz",1.1170180689977e-64,0.418275555478013,0.974,0.957,2.85755562410991e-60
"Nudt2",1.16094568511151e-64,-0.359836219646126,0.708,0.865,2.96993125165228e-60
"Brk1",1.52301383789311e-64,-0.261400866389984,0.991,0.998,3.89617400009815e-60
"Eif4g1",1.85511826716465e-64,0.353833410950348,0.998,0.993,4.74576355106061e-60
"Lmnb1",2.35943429617506e-64,0.294284989092112,0.999,0.993,6.03590481647503e-60
"1700123O20Rik",2.4318997811241e-64,-0.320416659344427,0.874,0.947,6.22128602007166e-60
"Ppil4",2.62775432740338e-64,-0.357240424470264,0.73,0.873,6.72232112036332e-60
"Zfp207",2.92700379271633e-64,0.311170067096133,0.993,0.984,7.48786110252692e-60
"Mir17hg",7.60381488439662e-64,0.494955751498406,0.702,0.551,1.94520792372634e-59
"Dera",1.51514953921476e-63,-0.358089463117329,0.8,0.908,3.87605555121919e-59
"Hif1a",1.93613187021534e-63,0.496108063843551,0.931,0.9,4.95301255038487e-59
"Kdm6b",2.34880652520047e-63,0.487949261859719,0.735,0.582,6.00871685276784e-59
"Sec62",4.34324796639077e-63,0.394901374395758,0.973,0.936,1.11108969476209e-58
"Uhrf1",5.39777064363315e-63,0.401103075861167,0.953,0.896,1.38085768605423e-58
"Yae1d1",5.89083977697312e-63,-0.303670017375366,0.909,0.968,1.50699463174526e-58
"Rrm2",8.99337253216339e-63,0.369096526545506,0.997,0.987,2.30068456117804e-58
"Timm17b",9.32310777346056e-63,-0.309533270183641,0.924,0.975,2.38503743060668e-58
"Pum2",1.23806881592962e-62,0.384382596964236,0.887,0.802,3.16722764491116e-58
"Uchl5",1.24483033381161e-62,-0.328879288284363,0.899,0.959,3.18452495995686e-58
"Tmem160",1.29777922958884e-62,-0.33884423671864,0.938,0.978,3.31997882513416e-58
"Mrpl41",1.60358541537648e-62,-0.340142906618931,0.863,0.945,4.10229220961612e-58
"Pet100",1.6145887668502e-62,0.467361193233373,0.806,0.733,4.13044098335619e-58
"Actr2",1.82272157775085e-62,0.378672123690757,0.933,0.887,4.66288634020221e-58
"Erh",3.14284115809089e-62,0.263345985981614,1,1,8.04001625062813e-58
"Rpl19-ps11",5.28551287553999e-62,-0.339251147644505,0.598,0.796,1.35213990382064e-57
"Marcks",7.57627104835051e-62,0.401811841961017,0.996,0.978,1.93816165958903e-57
"Suclg1",7.90963684742099e-62,-0.254958866674472,0.997,0.999,2.02344329830724e-57
"Csnk2b",1.22236534270372e-61,-0.253910647358413,0.99,0.996,3.12705501970466e-57
"Lrrc8a",2.15488116365095e-61,0.451553914077014,0.61,0.422,5.51261699285185e-57
"Nop58",2.8301576820459e-61,0.386033940097581,1,0.999,7.24010938220983e-57
"Uchl3",2.9470500033596e-61,-0.268729563645221,0.996,0.998,7.53914331859453e-57
"Fosb",5.04272926538255e-61,0.642264097271522,0.554,0.366,1.29003100067016e-56
"Tspan6",5.78020006570422e-61,-0.300688758978393,0.978,0.984,1.47869078080845e-56
"Pkig",6.04938341313784e-61,-0.310837338323939,0.915,0.965,1.54755326474892e-56
"Mettl9",1.04981404245971e-60,-0.258809488792675,0.997,0.999,2.68563428342043e-56
"H2ac20",2.48010095507035e-60,-0.439251789085474,0.304,0.512,6.34459426326098e-56
"Egr4",3.13439915096776e-60,0.401780903758043,0.213,0.039,8.01841990800571e-56
"Eif1a",4.88741566024774e-60,0.348826825274678,0.995,0.987,1.25029867420458e-55
"Klhl9",5.4008853933029e-60,0.404550173268018,0.866,0.785,1.38165450131475e-55
"Gm43712",5.57941307198188e-60,-0.33154530851061,0.481,0.7,1.42732545207441e-55
"Supt4a",5.7859351222973e-60,-0.254343858734233,0.997,0.999,1.48015792298609e-55
"Pstk",6.75571440913578e-60,-0.334683686128699,0.66,0.834,1.72824686014511e-55
"Polr2c",1.02337128139631e-59,-0.266734238008871,0.987,0.999,2.61798841206804e-55
"Med1",1.18690317401714e-59,0.397307136081381,0.785,0.663,3.03633569977065e-55
"Cox7a2l",1.3217811311788e-59,-0.272746877309193,0.993,0.997,3.3813804897816e-55
"Tmem147",1.57898511442567e-59,-0.317770613615227,0.92,0.966,4.03935971972375e-55
"Nisch",1.62033973530162e-59,0.41413207329444,0.966,0.936,4.14515311084861e-55
"Prelid2",1.72494766320959e-59,-0.44636456828375,0.681,0.826,4.41276111202278e-55
"Pdcd11",1.82307293477439e-59,0.536389926764566,0.8,0.736,4.66378518173984e-55
"Uqcrc2",2.45249548501235e-59,-0.252986889638701,0.989,0.998,6.2739739497586e-55
"H3c11",2.61796612843474e-59,-0.308560100788781,0.153,0.336,6.69728094976174e-55
"Actn1",3.48341458301755e-59,0.412963662901175,0.88,0.789,8.9112711862755e-55
"Jtb",4.14288599681031e-59,-0.332107278707092,0.751,0.88,1.05983309570401e-54
"Gipc1",4.1656761108777e-59,-0.348194939063118,0.734,0.879,1.06566326268473e-54
"Znhit3",8.16551582584403e-59,-0.304117569257506,0.914,0.973,2.08890225856742e-54
"Phip",9.95082351487375e-59,0.376212509150713,0.954,0.902,2.545619671575e-54
"Bckdhb",1.29495547514316e-58,-0.331545618531358,0.494,0.702,3.31275509651124e-54
"Hsd17b10",1.51906467219805e-58,-0.261406854285417,0.996,0.998,3.88607124441705e-54
"Nsa2",4.5739072318257e-58,0.324411493205035,0.998,0.998,1.17009694804565e-53
"Rpn1",5.0784120849271e-58,0.490351931432629,0.911,0.876,1.29915937956605e-53
"Ppa2",5.10074830862989e-58,-0.330611999237956,0.872,0.948,1.3048734323137e-53
"Ppp1r7",5.33797813043589e-58,-0.328151412320692,0.855,0.939,1.36556156532811e-53
"Got1",6.3282505824939e-58,-0.341064023136771,0.731,0.868,1.61889306401359e-53
"Etfb",7.23300001689625e-58,-0.304450700495401,0.95,0.987,1.8503460643224e-53
"Prxl2b",1.06030984673231e-57,-0.326055202436834,0.389,0.604,2.71248464991059e-53
"Dpm3",1.11177583877591e-57,0.406709478440149,0.854,0.775,2.84414495075652e-53
"Hnrnph2",1.14896797781867e-57,0.382509617093309,0.873,0.787,2.93928988085573e-53
"Lbr",1.28104763156634e-57,0.414751757590348,0.841,0.732,3.27717605107301e-53
"Slc25a4",2.05589541424896e-57,-0.372888536030676,0.999,1,5.2593916487317e-53
"Snx5",2.39619820673853e-57,0.272634654603944,0.998,0.996,6.1299542524785e-53
"Eif4e",2.51366186425864e-57,0.254892540821472,1,0.999,6.43044978114645e-53
"Pdcd4",2.54853185271783e-57,0.531095655216164,0.757,0.633,6.51965418562275e-53
"Tubb4b",3.05784552263455e-57,-0.30240367082886,1,1,7.82258041600372e-53
"Fubp3",3.60036451936408e-57,0.391731296822053,0.77,0.64,9.2104525134372e-53
"Arid1a",3.75590636969236e-57,0.347828871550525,0.963,0.914,9.60835967494698e-53
"Cops4",3.7858183464174e-57,-0.256120463677866,0.982,0.999,9.684880493805e-53
"Tcf3",4.35658102975501e-57,0.311907750977064,0.986,0.967,1.11450055903193e-52
"H2ax",4.60756109590092e-57,-0.304296184368061,0.998,0.999,1.17870627955337e-52
"Rap1b",6.95726034276875e-57,0.317157243629385,0.967,0.919,1.7798063408871e-52
"Sra1",1.24394234683088e-56,-0.29939747115702,0.947,0.979,3.18225331166277e-52
"Mrpl51",1.3634549529037e-56,-0.255072560751725,0.994,0.999,3.48799046051824e-52
"Brd4",2.01001525729275e-56,0.326463010667766,0.951,0.904,5.1420210312063e-52
"Hdac2",2.13763986567514e-56,0.31744911471411,0.979,0.952,5.46851030437015e-52
"Med10",2.19537061228783e-56,-0.262332447097058,0.98,0.995,5.61619710035473e-52
"H1f1",2.29999197110263e-56,-0.485303872294569,0.468,0.668,5.88383946047474e-52
"Mettl23",4.28341590649643e-56,-0.319678094937685,0.787,0.906,1.09578345719992e-51
"Pepd",6.12615189768516e-56,-0.316533595374805,0.647,0.822,1.56719217846582e-51
"Cyba",6.15682533099375e-56,-0.425164015303921,0.825,0.909,1.57503905617482e-51
"Psmd2",9.69246295576858e-56,0.273078654987607,0.996,0.99,2.47952587334472e-51
"Echs1",1.04027228727898e-55,-0.282584450585324,0.961,0.981,2.66122456531709e-51
"Dctn3",1.55414122561675e-55,-0.252449349966177,0.982,0.997,3.97580408337276e-51
"Slc25a33",1.59214605304006e-55,-0.346935526158848,0.43,0.637,4.07302803288708e-51
"Esco2",1.88981765915236e-55,-0.36402884721112,0.585,0.753,4.83453153564356e-51
"1810058I24Rik",1.93578172274362e-55,-0.268355881537466,0.994,0.998,4.95211680312272e-51
"Hspd1-ps3",2.20208796493529e-55,-0.317911532846754,0.406,0.618,5.63338143189746e-51
"Grhpr",2.81827428487562e-55,-0.365174845331851,0.888,0.936,7.20970927556881e-51
"Tm2d3",3.21207296254966e-55,-0.320418283709082,0.792,0.92,8.21712505279453e-51
"Ipo5",4.08829054910483e-55,0.363674729594289,0.984,0.968,1.045866488272e-50
"H2bc14",4.31621911679572e-55,-0.305836106892821,0.268,0.477,1.10417517445868e-50
"Enah",4.54166420631934e-55,0.378568934724868,0.926,0.875,1.16184853726061e-50
"Ebna1bp2",6.35417723679219e-55,-0.256006662853664,0.998,0.999,1.62552562071618e-50
"Fer",1.19866032638451e-54,-0.303682035277252,0.378,0.594,3.06641284695686e-50
"Pitrm1",1.45827935775655e-54,-0.373849075894933,0.684,0.845,3.73057025301281e-50
"Slc4a7",1.55696308292171e-54,0.489412564855795,0.74,0.64,3.98302295873032e-50
"Maip1",1.81581756580694e-54,-0.318755322847439,0.722,0.871,4.6452244968473e-50
"Klf6",2.4967075657433e-54,0.562656644314179,0.589,0.406,6.38707729468451e-50
"Snrnp70",2.99719285910372e-54,0.263416305101181,1,0.999,7.66741877215913e-50
"Dap3",7.18173415608051e-54,-0.28229071055501,0.942,0.978,1.83723123180852e-49
"Rrbp1",8.39398009829143e-54,0.464276223205619,0.966,0.944,2.14734798874491e-49
"H1f4",3.21516378683823e-53,-0.521100182828441,0.754,0.847,8.22503199948955e-49
"Actn4",3.30002722467162e-53,0.374880214117635,0.922,0.858,8.44212964615493e-49
"Orc6",6.95663080081131e-53,-0.287193300138058,0.991,0.997,1.77964529146355e-48
"Flywch1",1.00741318233705e-52,0.379017141296432,0.774,0.644,2.57716440305463e-48
"Dtl",1.02576742886506e-52,0.400132752019091,0.85,0.738,2.62411823652261e-48
"B230118H07Rik",1.1788329362112e-52,-0.331626756341709,0.516,0.706,3.0156904174155e-48
"Rab26os",1.22717218576868e-52,0.431202350984009,0.394,0.203,3.13935188563343e-48
"Septin11",1.2552020221724e-52,0.32652176135264,0.987,0.962,3.21105781312144e-48
"Btg1",1.28637783643495e-52,0.439592972967963,0.816,0.695,3.29081178116788e-48
"Stag1",1.49934314316266e-52,0.410329631481476,0.893,0.867,3.83561962883873e-48
"Tmem134",1.70159345351347e-52,-0.303681639163219,0.778,0.893,4.35301637277815e-48
"Rrn3",2.02030963772541e-52,0.39570556586649,0.773,0.657,5.16835611522913e-48
"Lamtor4",2.91391127738623e-52,-0.298457919869211,0.862,0.943,7.45436782980945e-48
"Cd320",2.98187020312573e-52,-0.300971184295795,0.916,0.967,7.62822035363624e-48
"Asf1a",3.02416926308337e-52,-0.284783707753428,0.954,0.983,7.73642980881989e-48
"Klf2",3.37174545293836e-52,0.46137718170259,0.292,0.11,8.6255992177069e-48
"Snrnp25",3.41534451493383e-52,-0.301004631221691,0.919,0.965,8.73713433810371e-48
"Egr3",3.78083754178033e-52,0.32833899474176,0.192,0.036,9.67213859938245e-48
"Mir703",4.1050013511952e-52,-0.318269555586716,0.678,0.83,1.05014144566276e-47
"Cnot6",4.40206261114274e-52,0.397057101628704,0.821,0.733,1.12613565718254e-47
"Fam133b",4.68975217020413e-52,0.368989481710182,0.926,0.887,1.19973240018162e-47
"Mrps5",5.9998164451384e-52,0.375508727087071,0.922,0.899,1.53487304299531e-47
"Prtg",6.32835145752769e-52,0.307934079820951,0.999,0.991,1.61891886986473e-47
"Mrps10",7.78564342318576e-52,-0.308828716462334,0.812,0.913,1.99172330051938e-47
"Magohb",9.81928540749255e-52,-0.295194863244723,0.898,0.955,2.51196959294474e-47
"Igf2bp2",1.06671080469176e-51,0.349275489318562,0.95,0.919,2.72885958056246e-47
"Psmd10",1.18864364872273e-51,-0.307789141075441,0.665,0.827,3.04078818216249e-47
"Idh2",1.44402603955107e-51,-0.3078442305905,0.979,0.987,3.69410741437955e-47
"Notch2",1.48679223528079e-51,0.554253707362184,0.537,0.368,3.80351189629532e-47
"Wdr89",1.64947967126552e-51,0.446259087754717,0.821,0.77,4.21969889503145e-47
"Wdr36",2.67895994747483e-51,-0.327299834225174,0.748,0.878,6.85331533763011e-47
"Tuba1a",3.10068208338469e-51,-0.337341424736876,0.996,0.994,7.93216490571471e-47
"Eef1akmt1",3.32747083457079e-51,-0.285697380994234,0.927,0.97,8.51233588899901e-47
"Wnk1",3.8870197555834e-51,0.350666710183136,0.885,0.818,9.94377393873346e-47
"Amotl2",4.15536181932722e-51,0.425351924329294,0.674,0.509,1.06302466062029e-46
"Rfc4",5.09607117904218e-51,-0.272798938755911,0.972,0.985,1.30367692902257e-46
"Nufip1",5.95180525478845e-51,-0.312789482260512,0.816,0.905,1.52259082027998e-46
"Decr1",5.95287079098648e-51,-0.333900102118396,0.552,0.737,1.52286340575016e-46
"Rbfox2",6.55714532546044e-51,0.359836627557902,0.872,0.774,1.67744891715929e-46
"Flna",7.29667969563927e-51,0.431423842284735,0.84,0.757,1.86663659973844e-46
"Erlec1",1.383283510939e-50,-0.305726757100768,0.494,0.694,3.53871587768415e-46
"Nck1",1.66755325223132e-50,0.385625144360483,0.801,0.719,4.26593472985816e-46
"Mrpl55",1.73971587529575e-50,-0.261885738816342,0.944,0.979,4.45054115218158e-46
"Ddx21",2.64694475001895e-50,0.52636510282702,0.947,0.929,6.77141405949848e-46
"Sod2",3.26320788528824e-50,-0.300973925086761,0.934,0.971,8.34793841214438e-46
"Ier2",5.99854713820839e-50,0.425949459964003,0.973,0.944,1.53454832889647e-45
"Rnf44",6.10503798420597e-50,0.360732261692994,0.739,0.615,1.56179081711957e-45
"Rps15a-ps5",6.19172972744718e-50,-0.267098830080425,0.298,0.498,1.58396829887554e-45
"Cdk2ap1",8.24759769388257e-50,-0.256704584602095,0.966,0.982,2.10990044204904e-45
"Xist",8.96532948021142e-50,0.497805383588754,0.857,0.706,2.29351058762769e-45
"Nip7",1.32829570650275e-49,-0.255512117788637,0.995,0.998,3.39804607637534e-45
"Timm22",1.82249267015638e-49,-0.276008428841927,0.909,0.964,4.66230074879406e-45
"Hnrnpa2b1",2.45983395062128e-49,0.25782719813608,1,1,6.29274721247936e-45
"Gm49708",2.52142974134626e-49,-0.477939545023342,0.426,0.621,6.45032156431201e-45
"Ddb1",3.20382889800638e-49,0.305492726736865,0.979,0.951,8.19603508687992e-45
"Cdc123",3.48657249715977e-49,-0.253377232298743,0.968,0.989,8.91934976223412e-45
"Gstp1",3.75023241753542e-49,0.366110340763215,0.658,0.503,9.5938445705391e-45
"Mtch2",6.49210322659841e-49,0.287182655693254,0.975,0.952,1.6608098474284e-44
"Cmc1",8.82364614043978e-49,-0.297955549123385,0.448,0.645,2.2572651556473e-44
"Prrc2a",1.1104006674417e-48,0.314131880854493,0.949,0.9,2.84062698744935e-44
"Polr2b",1.16791690784157e-48,-0.28335135695284,0.793,0.926,2.98776503364031e-44
"Cyb5a",2.0867398397114e-48,-0.322585564851127,0.973,0.992,5.33829785794969e-44
"Anapc13",2.08715806287913e-48,0.30995569196007,0.972,0.956,5.33936775645738e-44
"Prim1",2.18016699520456e-48,-0.3223676669218,0.799,0.898,5.5773032071323e-44
"Lamp1",2.31612087401271e-48,0.254073509781433,0.998,0.993,5.92510041989932e-44
"Vkorc1",2.43389142006735e-48,-0.284437816626485,0.493,0.7,6.2263810308163e-44
"Map1lc3b",2.48755919355203e-48,-0.265209361193818,0.981,0.994,6.36367392894481e-44
"Pelp1",2.94712249121778e-48,0.33916062279494,0.852,0.76,7.53932875703333e-44
"Hnrnpll",3.54564550687516e-48,0.342157815596769,0.875,0.796,9.07047033568803e-44
"Galk1",3.6591984058429e-48,-0.334852325787035,0.952,0.982,9.36096136182731e-44
"Rpl36al",3.77488496715571e-48,0.339011525175999,0.995,0.997,9.65691072297774e-44
"Ctbp1",3.81520913801835e-48,0.283553449423721,0.986,0.971,9.76006801687855e-44
"Dek",5.98620113331583e-48,0.341960633020492,1,0.999,1.53138997392486e-43
"Tmem223",1.08833539596284e-47,-0.349232988516224,0.812,0.896,2.78417960995213e-43
"Gsta4",1.11853304325623e-47,-0.388815902273446,0.918,0.958,2.86143123125809e-43
"Mpc2",1.20926479177053e-47,-0.318615049078951,0.543,0.725,3.09354119030736e-43
"Mrps28",1.24095598980661e-47,-0.262212876562379,0.948,0.977,3.17461361312327e-43
"Kmt2d",1.33785145749636e-47,0.386069634845882,0.547,0.374,3.4224915985672e-43
"Nup93",1.41960614522716e-47,0.332030197892135,0.799,0.693,3.63163644072013e-43
"Mrps17",1.57455163068307e-47,-0.260548082464516,0.967,0.992,4.02801798161344e-43
"Nsmce2",1.61374763851193e-47,-0.260320183869023,0.938,0.979,4.12828920884121e-43
"Tdg",2.07940090550535e-47,0.344659854997077,0.925,0.892,5.3195233964638e-43
"Snhg12",2.58510397609176e-47,0.403320358225174,0.931,0.878,6.61321299163793e-43
"Nubp1",3.21996867229668e-47,-0.288524465717221,0.81,0.916,8.23732385746937e-43
"Cd63",4.97010528629324e-47,-0.418811362724274,0.88,0.944,1.27145233433954e-42
"Tmem97",5.50196920591198e-47,-0.321913690046616,0.89,0.942,1.4075137622564e-42
"Ppp1cb",5.69014139905917e-47,0.274669711463358,0.983,0.956,1.45565197270732e-42
"H4c9",7.16066783496129e-47,-0.318211445568958,0.634,0.799,1.8318420455398e-42
"Fam216a",7.91426309075253e-47,-0.319112909506641,0.697,0.842,2.02462678387631e-42
"Naxd",8.96670447620043e-47,-0.289731338928034,0.745,0.873,2.2938623391016e-42
"Timm21",1.29517264806255e-46,-0.289139987327632,0.799,0.905,3.31331066827362e-42
"BC005537",1.6325187541809e-46,0.360125169073304,0.764,0.653,4.17630947694558e-42
"Mrps22",1.89739272121949e-46,-0.297592292232481,0.736,0.867,4.8539100594237e-42
"Nxt1",2.2119854870209e-46,-0.27271064671465,0.956,0.975,5.65870127289688e-42
"Ythdf1",2.31784172332225e-46,0.332212867406835,0.888,0.817,5.92950269660299e-42
"Cpsf6",2.44746309354276e-46,0.284410086944064,0.973,0.95,6.26110008590109e-42
"Hars",3.14208800867657e-46,-0.292794235944897,0.761,0.871,8.03808954379639e-42
"Uhrf2",3.54031972369912e-46,0.320822697405033,0.919,0.854,9.05684591716709e-42
"Taf1b",3.84161230690502e-46,-0.268698052170624,0.358,0.555,9.82761260352443e-42
"Atp1a1",4.64023016332971e-46,0.325724027156713,0.901,0.805,1.18706368038301e-41
"Gm4332",9.39124999077877e-46,-0.277262970283934,0.817,0.916,2.40246957264102e-41
"Ccdc18",1.11864896493587e-45,-0.313605526587856,0.396,0.585,2.86172778209895e-41
"Coprs",1.18274411408072e-45,-0.287260233940552,0.775,0.886,3.0256959926413e-41
"Hsph1",1.97216984309486e-45,0.419161526017261,0.946,0.934,5.04520489260527e-41
"Pdap1",2.24923502502469e-45,0.36980233983584,1,1,5.75399304101817e-41
"Tsix",2.38080107708338e-45,0.31753280935911,0.253,0.092,6.0905653153947e-41
"Bcap31",2.4405533128404e-45,-0.255173207824846,0.975,0.992,6.24342348490831e-41
"Mak16",3.01015088190899e-45,-0.272339905882258,0.973,0.988,7.70056798609958e-41
"Atp23",3.31320421744093e-45,-0.278413750755124,0.402,0.603,8.47583902905738e-41
"Rps27rt",4.09139810992342e-45,0.380225194710787,0.753,0.669,1.04666146448061e-40
"Clic1",4.09775714124143e-45,-0.287050215684399,0.967,0.988,1.04828823187238e-40
"Ube2v2",6.1827928139596e-45,0.261360180530519,0.995,0.988,1.58168205766714e-40
"Ubqln2",7.27749561592912e-45,0.359415203997121,0.851,0.772,1.86172892846699e-40
"2010204K13Rik",9.95666597468378e-45,-0.299918505977701,0.698,0.837,2.54711428964361e-40
"Ogfod3",1.14765807296117e-44,-0.266681909372615,0.37,0.565,2.93593888224928e-40
"Coq2",1.94421519242362e-44,-0.283201187261314,0.747,0.864,4.97369130525811e-40
"Plgrkt",2.32374410992084e-44,-0.298937830379513,0.496,0.682,5.9446021819995e-40
"Cops2",3.49985368821962e-44,-0.261181547448974,0.945,0.982,8.95332570520343e-40
"Tpd52l1",4.1411604423076e-44,-0.344109889509094,0.435,0.619,1.05939166435113e-39
"Impad1",8.50528883905057e-44,0.31355287131692,0.896,0.822,2.17582299080592e-39
"Nit2",8.92651886531045e-44,-0.287490107547762,0.713,0.85,2.28358205612372e-39
"Gm6563",9.40778654030934e-44,-0.286347788830839,0.529,0.71,2.40669995274194e-39
"Gins4",1.15868470124353e-43,-0.274657252265599,0.814,0.903,2.96414720272121e-39
"Nrbf2",1.16068238439035e-43,-0.25097406025027,0.324,0.513,2.96925767574739e-39
"mt-Atp8",1.19026974133224e-43,-0.31403321579815,0.675,0.835,3.04494805227614e-39
"Ube2e1",1.32074773157313e-43,-0.268192203894573,0.93,0.969,3.37873684691038e-39
"Cfl2",1.37258244541308e-43,0.30493641558592,0.972,0.956,3.51134041185575e-39
"Smarca4",1.79101221354072e-43,0.301207734578189,0.966,0.942,4.58176744467986e-39
"Smarca5",2.79037735708061e-43,0.282394404987308,1,0.999,7.13834335488362e-39
"Prpf38b",2.85667631164955e-43,0.30570477631936,0.974,0.945,7.30794934046188e-39
"Mnd1",2.97007481421509e-43,-0.279935456319587,0.441,0.628,7.59804538972504e-39
"Fip1l1",3.04911829693924e-43,0.319816411580602,0.953,0.928,7.80025442722996e-39
"Rab1a",4.71550770601413e-43,0.302153559099968,0.909,0.848,1.20632118135254e-38
"Mri1",4.87766558221945e-43,-0.302251189872612,0.617,0.774,1.24780440924338e-38
"Ofd1",5.25193614045913e-43,-0.265413545559698,0.279,0.458,1.34355030345225e-38
"1300002E11Rik",5.72491338700338e-43,-0.25066876027222,0.287,0.471,1.4645473426632e-38
"Smim7",8.41413182285401e-43,-0.272513803011764,0.85,0.923,2.15250320292251e-38
"Prkra",9.62862657903889e-43,-0.28301794625086,0.852,0.916,2.46319525144973e-38
"Zmym4",1.5808951260358e-42,-0.269481574935012,0.829,0.939,4.04424591142478e-38
"Fkbp2",1.67381779402119e-42,-0.257419627046783,0.919,0.964,4.28196068066501e-38
"Fabp5",3.08116075151449e-42,-0.272311677799805,0.998,0.997,7.88222543452436e-38
"Foxn3",3.16807833685369e-42,0.3458915488603,0.799,0.69,8.10457800133911e-38
"Tmed2",4.41305835955599e-42,0.251819635248486,1,0.999,1.12894858954161e-37
"Mapk6",4.54971538568247e-42,0.363031846795923,0.718,0.613,1.16390818996529e-37
"Wdr26",4.64426695065627e-42,0.331183122475505,0.812,0.711,1.18809637131689e-37
"Tle4",5.04976893755141e-42,0.566330739578672,0.826,0.765,1.2918318896044e-37
"Luzp1",5.86368219744676e-42,-0.305894439875692,0.812,0.902,1.50004717975083e-37
"Ythdc1",6.2969884515405e-42,0.321215343740736,0.97,0.948,1.61089558567309e-37
"Imp4",7.77552554746235e-42,-0.259463237723955,0.91,0.956,1.98913494555182e-37
"Osgepl1",8.49933213800709e-42,-0.264083413451351,0.335,0.518,2.17429914754497e-37
"Bptf",1.05327245009161e-41,0.334717199111489,0.965,0.951,2.69448158182436e-37
"Hist1h2br",1.09190248647882e-41,0.382487884371638,0.26,0.108,2.79330494091011e-37
"Pnp",1.15592565060336e-41,-0.318612150803135,0.892,0.942,2.95708899937353e-37
"Poglut2",1.28769031240897e-41,-0.282663299615433,0.43,0.612,3.29416935720463e-37
"Zfp664",1.36183593079644e-41,0.366358295241409,0.913,0.882,3.48384867816344e-37
"Pwwp3a",1.40314342761985e-41,0.362893739016432,0.805,0.737,3.58952151653709e-37
"Bri3",1.48904908812106e-41,-0.271942062136303,0.991,0.995,3.80928537723129e-37
"Acyp1",1.60215679446903e-41,-0.272554667890498,0.593,0.765,4.09863751161068e-37
"Snap23",1.60290897551818e-41,0.2897226358678,0.926,0.879,4.1005617411706e-37
"Snhg16",1.79693606108111e-41,0.406713792375729,0.749,0.662,4.5969218314577e-37
"Gtf2i",2.37534460943595e-41,0.327272485487249,0.899,0.856,6.07660657985905e-37
"Maz",2.60723618102768e-41,0.285807629782491,0.98,0.967,6.66983159830501e-37
"Uqcc3",3.94848875898222e-41,-0.260761092653087,0.87,0.939,1.01010239432283e-36
"Osgep",4.0553832232499e-41,-0.250640789411475,0.925,0.968,1.03744813617179e-36
"Pycr2",4.56581194170635e-41,-0.265161021198841,0.904,0.955,1.16802601092732e-36
"Pbx1",4.8041512789986e-41,0.367466810531019,0.894,0.823,1.22899798019342e-36
"Akr7a5",5.45656553396049e-41,-0.308742589562315,0.87,0.93,1.39589859489777e-36
"Egln1",1.11542490903899e-40,-0.344518881957218,0.834,0.901,2.85348000230355e-36
"Vegfb",1.44255902248659e-40,-0.293865422248812,0.817,0.907,3.6903544913252e-36
"Aimp2",1.5748444487897e-40,-0.252795916404485,0.927,0.962,4.0287670688938e-36
"Efna4",2.33379196751321e-40,-0.332338807117016,0.616,0.751,5.9703066112923e-36
"Gpalpp1",2.95996898303012e-40,-0.264859431189125,0.405,0.58,7.57219265238766e-36
"Dnmt3b",3.90434094474618e-40,0.405857302704352,0.815,0.731,9.98808500484969e-36
"Tspo",4.45714265490369e-40,-0.339921190943474,0.662,0.797,1.14022623397746e-35
"Slc25a11",5.5704751691193e-40,-0.271308821344598,0.879,0.945,1.4250389577641e-35
"Gsdme",6.04372772462107e-40,0.343437129482306,0.727,0.62,1.54610642651256e-35
"Tfdp2",6.51886504880298e-40,-0.288752729452682,0.718,0.858,1.66765605678478e-35
"Rbm28",8.46546535523929e-40,0.365872887100994,0.95,0.947,2.16563534717731e-35
"Chd7",9.45684767611121e-40,0.363034220132219,0.914,0.904,2.41925077250277e-35
"Nars",1.09362056282441e-39,0.307607475680095,0.974,0.973,2.7977001238174e-35
"Spry2",1.14101653820047e-39,0.570829600886877,0.551,0.409,2.91894850802445e-35
"Tm2d2",1.14355451297568e-39,-0.270810087368643,0.809,0.902,2.92544115509439e-35
"Itgb1bp1",1.33276389792382e-39,-0.256231347877471,0.444,0.627,3.40947660366871e-35
"Mtfr1l",1.42453705656018e-39,-0.294406790940151,0.689,0.811,3.64425069809224e-35
"Ak6",1.59369344434337e-39,-0.254616363415599,0.947,0.969,4.0769865693192e-35
"Ccdc28b",1.60069843410655e-39,-0.256693303621871,0.45,0.637,4.09490673413137e-35
"Ssr3",1.75825158975317e-39,0.259275665565242,0.991,0.979,4.49795921690656e-35
"Sod1",2.86397716488164e-39,0.365400165315444,0.83,0.776,7.32662638320021e-35
"6330403K07Rik",4.21699322676032e-39,-0.268136741647931,0.303,0.478,1.07879120726983e-34
"Tmem199",4.23565355945798e-39,-0.27898781364876,0.644,0.789,1.08356489358054e-34
"Vars",4.88813204683544e-39,0.263894390744958,0.96,0.925,1.25048194022144e-34
"Ilf3",5.0581225289998e-39,0.291917606918191,0.936,0.916,1.29396890536873e-34
"Wdr55",5.87166741421027e-39,-0.273408833666793,0.679,0.813,1.50208995790327e-34
"Alg10b",6.95464522360645e-39,0.333714344842398,0.663,0.529,1.779137341103e-34
"Yif1a",7.4908582928462e-39,-0.277490024930721,0.568,0.731,1.91631136847592e-34
"Dbf4",7.5763731064786e-39,0.324380953853687,0.941,0.924,1.93818776809935e-34
"Ntan1",1.00048791577033e-38,-0.270943559527754,0.746,0.864,2.55944818612365e-34
"Mphosph10",1.09118387878693e-38,-0.256152207828223,0.966,0.981,2.79146659871273e-34
"Mrps26",1.36008228491666e-38,-0.254874595072917,0.891,0.95,3.4793625012738e-34
"Mrpl27",1.42536101875784e-38,-0.25154279807134,0.895,0.962,3.64635855818632e-34
"Rnaseh2b",1.47968885409617e-38,-0.263848945778684,0.778,0.881,3.78534002654882e-34
"Gm11478",1.58408723927116e-38,-0.269219766916056,0.547,0.713,4.05241197550347e-34
"Ptpmt1",1.60533162800835e-38,-0.324226485774644,0.645,0.786,4.10675937077095e-34
"Kin",1.86361466347943e-38,-0.2612201538893,0.762,0.876,4.76749903211308e-34
"Akr1e1",2.02507225035189e-38,-0.253524830719917,0.434,0.62,5.1805398308502e-34
"Kpnb1",2.17777930527332e-38,0.264080651873771,0.989,0.982,5.57119501875021e-34
"Nacc1",2.46309077066416e-38,0.312073395195634,0.716,0.593,6.30107880951306e-34
"Ppp3cb",2.49593038610946e-38,0.30583809244489,0.803,0.716,6.38508911374521e-34
"Taf1d",3.81543170956023e-38,0.351101060379098,0.996,0.991,9.76063739939699e-34
"Ppp2r1a",3.94490194307864e-38,0.307342314377376,0.836,0.774,1.00918481507838e-33
"Vps41",4.6854022711739e-38,-0.2655179660336,0.517,0.682,1.19861960901171e-33
"Smim15",7.14655523895017e-38,0.299137491177869,0.843,0.774,1.82823176122823e-33
"Mtpn",7.16267026615901e-38,0.254994258855317,0.984,0.964,1.8323543074888e-33
"Msi2",9.38173061391868e-38,0.363749488728907,0.878,0.82,2.40003432565268e-33
"Emc4",1.03980704348953e-37,-0.265651488677565,0.758,0.876,2.66003437865492e-33
"Dync1i2",1.10313930768461e-37,0.339677606782509,0.93,0.924,2.82205097691878e-33
"Rian",1.19914951181716e-37,0.472002401300085,0.8,0.7,3.06766428113066e-33
"Tsc22d4",1.29070901122188e-37,0.378507107249531,0.759,0.7,3.30189179250781e-33
"Stx8",2.1914463551101e-37,-0.257029963703639,0.663,0.823,5.60615806564265e-33
"2610318N02Rik",2.90432525595435e-37,-0.272878597243464,0.874,0.931,7.42984486978242e-33
"Uba1",3.63991962451184e-37,0.299835277700049,0.889,0.83,9.31164238342618e-33
"Wdr12",4.79584168619659e-37,-0.28631763621513,0.934,0.949,1.22687222016281e-32
"Gsto1",4.89149177422593e-37,-0.284199895145067,0.767,0.854,1.25134142568248e-32
"Coa6",5.06318958928882e-37,-0.261955517212861,0.517,0.676,1.29526516073187e-32
"Snrnp48",5.52271100777941e-37,0.271104518370627,0.954,0.908,1.41281993001013e-32
"Rcn2",6.49819858090099e-37,0.274469624173793,0.973,0.945,1.66236916096609e-32
"Fancl",7.09454935202234e-37,-0.254808273350779,0.477,0.648,1.81492761523435e-32
"Wsb1",8.10735581171571e-37,0.305587606193489,0.847,0.767,2.07402376375311e-32
"Naa15",9.57258618868123e-37,0.26250101260165,0.979,0.956,2.44885899878843e-32
"Ap2b1",1.16345411896436e-36,0.379486558976621,0.691,0.609,2.97634832713463e-32
"H3c6",1.32006876326913e-36,-0.282414768393857,0.356,0.52,3.37699991019509e-32
"Mcts2",1.65558175395762e-36,-0.258819370378588,0.701,0.833,4.23530924297438e-32
"Zfas1",2.11590783913749e-36,0.284095056300007,0.98,0.956,5.41291543408153e-32
"Gigyf1",2.23841389045821e-36,0.346223950531918,0.55,0.412,5.72631041457019e-32
"Sdf2",2.58555825126866e-36,-0.25884545434473,0.689,0.823,6.6143751183955e-32
"Casc4",3.60868581935065e-36,-0.256808149897352,0.588,0.753,9.23174006306283e-32
"Sec11c",4.50413979708993e-36,-0.260172628778005,0.356,0.526,1.15224904289155e-31
"Gnl3l",4.74454488142233e-36,0.346891554481594,0.72,0.637,1.21374947156546e-31
"Pusl1",4.76117420650378e-36,-0.263743908707735,0.621,0.763,1.2180035855078e-31
"Urod",4.93408552573729e-36,-0.281024982062974,0.701,0.823,1.26223775919411e-31
"Yars2",4.99899519515884e-36,-0.258351712759253,0.75,0.862,1.27884295082553e-31
"Psmc1",5.81268336281452e-36,0.274916434343377,0.969,0.947,1.48700065787521e-31
"Borcs8",6.12267599402997e-36,-0.251136838481341,0.628,0.779,1.56630297279275e-31
"Dhfr",6.26641629163577e-36,-0.260920966932394,0.949,0.972,1.60307461572626e-31
"Trappc6a",7.66752586930067e-36,-0.284693300393962,0.621,0.768,1.9615064678845e-31
"Cmtm7",1.05750957022219e-35,-0.316589333583613,0.772,0.866,2.7053209825424e-31
"H3c2",1.18184818591675e-35,0.389409725998664,0.259,0.122,3.02340402921224e-31
"Cenpv",1.21356714770781e-35,-0.333054824538732,0.351,0.518,3.10454747726613e-31
"Rps10-ps1",1.30892873602866e-35,-0.25230464299271,0.767,0.871,3.34850149250852e-31
"Zfp862-ps",1.34121249557223e-35,0.349641704782372,0.724,0.633,3.43108980617288e-31
"Peli1",1.37310981178856e-35,0.310972821009997,0.823,0.75,3.5126895205175e-31
"Mrpl44",1.84445556612585e-35,-0.257444829282598,0.753,0.855,4.71848622926314e-31
"Arl6ip6",2.01247065380962e-35,0.286587337535892,0.933,0.878,5.14830242657578e-31
"Bmyc",2.88030850910183e-35,-0.276419624669227,0.831,0.907,7.3684052279843e-31
"Mycn",3.133618478436e-35,0.391396128511704,0.863,0.788,8.01642279153497e-31
"2810004N23Rik",3.7831149898945e-35,0.263602310714946,0.995,0.997,9.6779647671481e-31
"Marf1",4.33561520236953e-35,0.337040780477418,0.595,0.465,1.10913708107017e-30
"Trip13",7.35060367678978e-35,0.291646257580595,0.92,0.868,1.88043143259636e-30
"Tmed4",1.03454143199836e-34,-0.271058095967106,0.746,0.846,2.6465638913382e-30
"Zfp386",1.20666160243502e-34,-0.255984130089311,0.482,0.641,3.08688171134927e-30
"Tmem70",1.46168485003926e-34,-0.260021307225937,0.696,0.809,3.73928218337043e-30
"Klk8",1.49561834953998e-34,-0.330404239497949,0.607,0.742,3.82609086179318e-30
"Iah1",1.68462350286278e-34,-0.261496981558521,0.683,0.813,4.30960384502356e-30
"Ss18l2",2.10263819354527e-34,-0.251340312228157,0.73,0.85,5.37896902672751e-30
"Fat1",2.1405645140554e-34,0.322563237575042,0.622,0.492,5.47599213985653e-30
"Snrpb2",2.14310497720518e-34,0.251395212562247,0.979,0.961,5.4824911526863e-30
"Tcf4",2.36942955596368e-34,0.330308922161741,0.866,0.796,6.06147469006629e-30
"Ccnt1",3.08901535197149e-34,0.322454306061921,0.723,0.624,7.90231907341347e-30
"Hnrnpul1",3.44283775493406e-34,0.305568865326774,0.79,0.723,8.80746754467231e-30
"Jarid2",4.11905757812945e-34,0.367778521858247,0.742,0.653,1.05373730963707e-29
"Rfesd",4.88535793052805e-34,-0.258645829656396,0.295,0.456,1.24977226578769e-29
"Slc39a1",5.36089833905177e-34,0.369292252091859,0.507,0.371,1.37142501309622e-29
"Nolc1",5.36809632943858e-34,0.331724577332291,0.99,0.984,1.37326640299698e-29
"Ammecr1",6.70514292131427e-34,0.329504329391897,0.69,0.571,1.71530966213062e-29
"Il11ra1",7.73208051939482e-34,-0.25266153916119,0.299,0.459,1.97802083847158e-29
"Hes1",9.99565922604754e-34,0.447672735061456,0.848,0.785,2.55708954320748e-29
"Upf1",1.24509766821939e-33,0.291096670615069,0.801,0.703,3.18520885483883e-29
"Jag1",1.79543159779926e-33,0.532780354354709,0.507,0.364,4.59307311349007e-29
"Kxd1",1.9936021288729e-33,-0.252390248793726,0.732,0.844,5.10003296608265e-29
"Rad21",2.47826341741972e-33,0.289983445116295,0.889,0.841,6.33989347444314e-29
"Pbk",2.9338213546114e-33,0.316510463904141,0.747,0.658,7.50530178936688e-29
"Kpna1",2.94244828162892e-33,0.347193384112242,0.653,0.545,7.5273711940631e-29
"Zmynd8",3.2305590132655e-33,0.318222708176929,0.821,0.745,8.26441606773581e-29
"Fxyd6",3.57380943316271e-33,-0.346658718547533,0.777,0.856,9.14251929191684e-29
"Fgfr1",3.9319380636635e-33,0.313796933208471,0.77,0.672,1.0058683954464e-28
"Rnf220",4.55038917428512e-33,0.311721655323161,0.759,0.685,1.16408055856562e-28
"Cox14",4.75428697253577e-33,-0.254667105337055,0.741,0.857,1.2162416933141e-28
"Ppil2",5.65224593282449e-33,-0.252532014600419,0.699,0.833,1.44595755453516e-28
"Ap3s1",6.91679104570562e-33,0.295098027704257,0.792,0.731,1.76945348531241e-28
"Rpap3",7.40107393278752e-33,0.342366431886432,0.772,0.72,1.8933427334857e-28
"Acads",9.44364352242996e-33,-0.252125451196319,0.611,0.753,2.41587288590803e-28
"Bub1",1.25936798120626e-32,-0.254167875823585,0.849,0.914,3.22171516952185e-28
"Tug1",1.29835961128611e-32,0.291573327356639,0.754,0.666,3.32146355759213e-28
"Asap1",1.73349794842338e-32,-0.2604428057782,0.605,0.755,4.43463445165669e-28
"Rbm4b",2.14198624226691e-32,0.292115175722311,0.827,0.743,5.47962920496721e-28
"Tsc22d1",2.23002158296238e-32,0.267014937286095,0.971,0.942,5.70484121353437e-28
"Pds5a",2.77347011962459e-32,0.28648673555292,0.877,0.839,7.09509126002362e-28
"Trmt10a",3.02677850678703e-32,0.352822194857675,0.676,0.577,7.74310477606259e-28
"Tm2d1",3.12664293759929e-32,0.284708993906881,0.839,0.785,7.99857796296651e-28
"Etnk1",3.40489257569112e-32,0.308391760888439,0.577,0.448,8.71039618713302e-28
"Ppp4r2",5.00685812482498e-32,0.256841006419891,0.936,0.902,1.28085444549273e-27
"Smc4",6.07842196319795e-32,-0.259112965004681,0.972,0.98,1.5549819066253e-27
"Cited2",6.43856001662437e-32,0.430623346555407,0.972,0.924,1.64711242345285e-27
"Huwe1",6.65128683447056e-32,0.253368469799522,0.98,0.975,1.70153219799426e-27
"Zc3h15",1.47303203205867e-31,0.267790489346228,0.999,0.999,3.76831054441249e-27
"Dusp23",1.60734654886546e-31,-0.253580355692123,0.265,0.418,4.11191394130761e-27
"Kpna4",2.70689776954204e-31,0.332272532334911,0.873,0.863,6.92478587404245e-27
"Dyrk1a",3.18470303374504e-31,0.305824321758885,0.635,0.511,8.14710730092656e-27
"Crebbp",3.27410577869101e-31,0.290039884888625,0.798,0.743,8.37581740304734e-27
"Sypl",3.45582192070681e-31,0.285436134306726,0.769,0.674,8.84068363755216e-27
"Hdgfl2",4.60810160572202e-31,0.25012938380425,0.9,0.847,1.17884455277581e-26
"Creg1",8.09897147613321e-31,-0.270104121428879,0.39,0.552,2.0718788830244e-26
"Nudt1",8.65098183815694e-31,-0.250060541443275,0.648,0.784,2.21309417383731e-26
"Sf3a2",9.5602654056712e-31,0.254076881471496,0.819,0.743,2.44570709607881e-26
"Paip1",1.26479644517911e-30,0.268594983909395,0.913,0.861,3.23560226605719e-26
"Clic4",1.3636413838099e-30,0.277237072738618,0.884,0.826,3.48846738806248e-26
"Rabac1",1.69003761354932e-30,-0.255061334909435,0.578,0.728,4.32345422298188e-26
"Csk",1.73017633316478e-30,0.288254808197708,0.668,0.554,4.42613709550213e-26
"Hcfc1",1.95140628557646e-30,0.295324715344463,0.819,0.767,4.99208755976169e-26
"Plaa",3.16471713124698e-30,0.27222359080806,0.771,0.683,8.09597936515602e-26
"Rnf10",3.17340107821181e-30,0.281682967287754,0.944,0.929,8.11819463828145e-26
"Lrrc58",3.79525384722092e-30,0.299187469627065,0.803,0.731,9.70901839196057e-26
"Btg3",4.03632845036117e-30,0.303818082524602,0.805,0.718,1.03257354417139e-25
"Mfap1b",5.47783475180335e-30,0.296144326395079,0.533,0.41,1.40133968620633e-25
"Nup98",7.76690831336685e-30,0.282023798477002,0.794,0.717,1.98693048472551e-25
"Commd3",8.82737839084893e-30,-0.285996645131058,0.619,0.745,2.25821993994697e-25
"Ktn1",1.22796888246095e-29,0.32191445604561,0.995,0.994,3.14138999511161e-25
"Zfp608",1.43264295383267e-29,0.377762710655468,0.703,0.626,3.66498720449473e-25
"Junb",1.62636915360579e-29,0.405122746587869,0.458,0.316,4.16057756875432e-25
"Otud6b",1.63693698502497e-29,0.294188430923326,0.797,0.743,4.18761219509087e-25
"Prkaca",2.20297803083946e-29,0.285416736485256,0.613,0.49,5.63565839849351e-25
"Itch",3.72360432224849e-29,0.307083698141554,0.692,0.606,9.52572457717609e-25
"Snhg5",4.71960500488734e-29,0.334015925111877,0.648,0.554,1.20736935235028e-24
"Rangap1",5.0565337799906e-29,0.256743611393176,0.944,0.918,1.2935624715972e-24
"Zfp422",6.36145964028593e-29,0.254890721471772,0.875,0.825,1.62738860517795e-24
"Rac3",7.47732692441974e-29,-0.266564082433881,0.475,0.62,1.91284977380506e-24
"Cbfb",1.65746705428441e-28,0.287993204283321,0.546,0.42,4.24013221827037e-24
"Bms1",1.6616421830165e-28,0.354418845044244,0.864,0.865,4.25081303259282e-24
"Tmx3",1.88365373839845e-28,0.272325953145132,0.792,0.725,4.81876299357091e-24
"Fzd3",2.59151230144677e-28,0.440993559150212,0.757,0.703,6.62960676956112e-24
"Supt5",2.93967737986273e-28,0.305898396461626,0.814,0.77,7.52028267316483e-24
"Sdcbp",3.69826898326897e-28,0.251924424576518,0.905,0.852,9.46091171299868e-24
"Rnf138",3.75098400145736e-28,0.274243154344719,0.81,0.725,9.59576727252822e-24
"Setd5",5.86772784954104e-28,0.2619063510735,0.926,0.901,1.50108213846959e-23
"Sec61a2",1.51744586248169e-27,0.276910038775334,0.647,0.539,3.88193000540065e-23
"Cttn",1.57190951717441e-27,0.290391557478672,0.718,0.64,4.02125892683556e-23
"Cnot1",1.57456293923848e-27,0.290604179734419,0.861,0.849,4.02804691115988e-23
"Dnph1",1.63072106487787e-27,-0.253543386895335,0.835,0.905,4.17171062817056e-23
"Bmpr1a",1.70438625347516e-27,0.279513686321185,0.749,0.671,4.36016091364014e-23
"Paxbp1",1.81642572857279e-27,0.314469281293424,0.795,0.763,4.64678029883491e-23
"Cggbp1",1.87548205453155e-27,0.288859721265184,0.896,0.867,4.79785819190262e-23
"Timm44",2.38797703446902e-27,0.284297391409925,0.799,0.75,6.10892284957865e-23
"Gcat",2.57790391441509e-27,-0.279528253118277,0.662,0.773,6.59479379385669e-23
"Ireb2",3.213803753917e-27,0.265455975755183,0.738,0.652,8.22155276327047e-23
"Ddx41",3.91294178207151e-27,0.258387407589972,0.873,0.82,1.00100876668953e-22
"Gja1",4.3321234869534e-27,0.305439512908474,0.937,0.902,1.10824383043242e-22
"Plin2",5.14573017855016e-27,-0.262857388810265,0.569,0.706,1.3163806942767e-22
"Arf6",5.72872672098368e-27,0.265522125113961,0.773,0.689,1.46552286976204e-22
"Cspp1",7.91675720760107e-27,0.28296129325185,0.81,0.744,2.02526482884851e-22
"Mbtd1",1.10947838068355e-26,0.265637057819728,0.852,0.817,2.83826759346467e-22
"Gli3",1.19144230836973e-26,0.334497237880812,0.669,0.581,3.04794771327144e-22
"Gm12940",1.93207094794242e-26,0.269782960571889,0.36,0.23,4.94262389902631e-22
"Acaa2",2.10172415321439e-26,-0.252589082284356,0.356,0.5,5.37663072875304e-22
"Ccn1",2.84946714607154e-26,0.426711348684653,0.594,0.463,7.28950685308021e-22
"Pus7",3.18905769495951e-26,0.329284377635191,0.716,0.662,8.15824739524543e-22
"Gm42047",3.23800290068624e-26,0.409753407451012,0.536,0.412,8.28345902053555e-22
"Gpc3",3.43187775712909e-26,0.344215836410061,0.965,0.912,8.77942967828764e-22
"Sec61a1",3.80710516132104e-26,0.280609113107874,0.774,0.711,9.73933642369148e-22
"Ubqln1",4.3695683128056e-26,0.268580326002029,0.832,0.799,1.11782296578193e-21
"1810009A15Rik",5.92934490265665e-26,0.368088615740925,0.468,0.364,1.51684501299762e-21
"4833439L19Rik",8.44246568138391e-26,0.337361943361887,0.711,0.669,2.15975157061163e-21
"Strn4",9.97232336669905e-26,0.258913218888016,0.598,0.488,2.55111976366895e-21
"Gpx8",1.06759637418704e-25,-0.257149153160004,0.385,0.52,2.73112504444529e-21
"Cdk2",1.13395993961928e-25,0.264467753723562,0.645,0.535,2.90089631753404e-21
"Mfsd14a",1.91441594674225e-25,0.251862586286277,0.711,0.627,4.89745887495603e-21
"Itm2b",3.02709723125039e-25,-0.317812662301618,0.816,0.886,7.74392013698474e-21
"Crk",3.13174184366502e-25,0.267028573721574,0.74,0.671,8.01162198446386e-21
"Dnajc5",3.38184395036964e-25,0.270816213042954,0.796,0.75,8.65143319383562e-21
"Ndufb4",3.88594734452696e-25,0.347724914852388,0.546,0.463,9.94103049676888e-21
"Atf1",4.39370663251876e-25,0.262605002379865,0.76,0.698,1.12399803073095e-20
"Casc3",5.35904270617531e-25,0.297889663205017,0.696,0.626,1.37095030509377e-20
"Tiparp",6.62843104019585e-25,0.322576506488808,0.663,0.552,1.6956852287029e-20
"Nob1",6.72343665657369e-25,0.266356804909172,0.834,0.793,1.71998956548468e-20
"Rab5a",7.59527143774954e-25,0.284799466933408,0.869,0.844,1.94302233920509e-20
"Taok1",8.60696973856232e-25,0.265516688430524,0.713,0.636,2.20183499851901e-20
"Map4k4",1.01325270391161e-24,0.262473796220107,0.894,0.866,2.59210306714669e-20
"Tuba1c",1.32734728859429e-24,-0.308577247900836,0.641,0.744,3.39561983368192e-20
"Ndufaf2",1.33041190386631e-24,0.255937764977285,0.93,0.904,3.40345973247079e-20
"Grcc10",1.40347727406356e-24,0.285849220669356,0.515,0.404,3.5903755625094e-20
"Phf20l1",2.19652876914728e-24,0.304048497397493,0.709,0.652,5.61915989723256e-20
"Ythdf3",3.46022818899565e-24,0.268147864631452,0.694,0.629,8.85195575308867e-20
"Rbm34",7.76426039263553e-24,0.281090300134808,0.685,0.616,1.98625309364402e-19
"Ctnnd1",1.27635888061935e-23,0.267563374213716,0.575,0.475,3.26518128840042e-19
"Ints7",1.71437483594713e-23,0.266963062117501,0.631,0.546,4.38571370531994e-19
"Zfp639",2.28891062446694e-23,0.271576859914725,0.727,0.666,5.85549115951132e-19
"Adgrl2",2.40133666042674e-23,0.263946975697494,0.883,0.827,6.14309944470368e-19
"Armcx2",3.45391954860122e-23,0.257890668789855,0.755,0.683,8.83581698923164e-19
"Ppwd1",4.53654368566611e-23,0.288303874329866,0.675,0.604,1.1605386056671e-18
"Epb41l4aos",4.62306177235582e-23,0.258530685327838,0.893,0.855,1.18267166260407e-18
"Zzz3",4.72976787160811e-23,0.281583992478846,0.754,0.698,1.20996921691479e-18
"Msantd4",5.19187489319067e-23,0.261697264968938,0.643,0.554,1.32818543517604e-18
"Asns",9.97069301605644e-23,-0.254169707142707,0.688,0.781,2.55070268736756e-18
"Phactr4",1.56798001215117e-22,0.32283294817095,0.58,0.515,4.01120646708514e-18
"Prpf6",1.65530387943082e-22,0.253333390523726,0.814,0.79,4.23459838435993e-18
"Greb1l",2.10424094631702e-22,0.300756404463517,0.692,0.618,5.3830691888682e-18
"Snhg17",2.18724961665398e-22,0.264395024158104,0.697,0.622,5.59542196932421e-18
"Ptk7",2.84014501602002e-22,0.341188726666697,0.661,0.549,7.26565897998242e-18
"H2ac18",4.09000768448219e-22,0.269904704431445,0.307,0.195,1.04630576584423e-17
"Acly",4.76780471872461e-22,0.261080886440237,0.78,0.701,1.21969980314413e-17
"Safb2",7.69929391450773e-22,0.273009395533882,0.713,0.65,1.96963336920937e-17
"Wdr70",8.87422402462742e-22,0.262058127125517,0.803,0.768,2.27020398998019e-17
"Gtf2a1",9.02408830266422e-22,0.2697819138685,0.642,0.552,2.30854226958756e-17
"Atp2c1",9.47873628247125e-22,0.261920235321537,0.617,0.523,2.42485031578179e-17
"Cbl",3.35226788873301e-21,0.260320075208499,0.588,0.512,8.57577171295679e-17
"Id1",3.83770266177741e-21,0.32667365415095,0.967,0.907,9.81761094935897e-17
"Amt",4.58415457180192e-21,0.293842965484002,0.502,0.4,1.17271842255837e-16
"Mkln1",4.75967277621101e-21,0.257428171148388,0.741,0.705,1.2176194896103e-16
"Dusp1",5.5591597154051e-21,0.281987707925032,0.409,0.294,1.42214423839493e-16
"Wdr1",9.2794342655598e-21,0.271619177415526,0.693,0.617,2.37386487381551e-16
"B020010K11Rik",1.24681493176206e-20,0.390214113188417,0.389,0.307,3.1896019584337e-16
"Fbxl14",1.55330476111478e-20,0.267247855631908,0.617,0.535,3.97366423988382e-16
"Aqr",1.6879247745676e-20,0.287054397062794,0.799,0.802,4.31804915829883e-16
"Ccne1",2.01782177305224e-20,0.275332768314158,0.919,0.876,5.16199165982224e-16
"Crnkl1",2.66596763186335e-20,0.352993830351856,0.73,0.746,6.82007839583283e-16
"Pip4p2",2.84242065070707e-20,0.251896625961403,0.74,0.659,7.27148050863882e-16
"Cystm1",2.94920928632909e-20,-0.352754124245338,0.236,0.342,7.54466719628708e-16
"Tcf7l2",4.59517802686195e-20,0.36735915769945,0.549,0.463,1.17553844283182e-15
"Mgst3",6.5318710591113e-20,-0.307159573427548,0.351,0.475,1.67098325434185e-15
"Bcl7a",8.95505191986066e-20,0.282806862870611,0.658,0.603,2.29088138213876e-15
"Zmiz1",1.05866639682874e-19,0.258521159626561,0.709,0.654,2.70828037636729e-15
"Rbpj",2.00467088268067e-19,0.263307367832988,0.687,0.626,5.1283490520737e-15
"Foxp1",2.7789174846252e-19,0.272872810242216,0.757,0.679,7.10902670916818e-15
"Mast4",4.18245016320583e-19,0.280602273530387,0.588,0.509,1.06995440075132e-14
"Nsrp1",4.24289322824925e-19,0.256626249686871,0.776,0.743,1.08541694565072e-14
"Cenpe",5.08641430808739e-19,-0.303608601184894,0.778,0.844,1.30120650829492e-14
"Tle3",6.98736013420132e-19,0.25061584682006,0.593,0.51,1.78750646953138e-14
"G2e3",8.5642657069433e-19,0.298244996012627,0.704,0.65,2.19091045315023e-14
"Axin2",1.06337182711108e-18,0.396414580637939,0.59,0.52,2.72031780811557e-14
"Mgst1",3.09644289857214e-18,-0.309115208226558,0.401,0.516,7.92132022312724e-14
"Ccnb1",9.08118274179706e-18,0.296491383465136,0.96,0.933,2.32314816900652e-13
"Eno3",1.06501517466461e-17,-0.302465573085958,0.701,0.786,2.72452181982701e-13
"Lix1",2.99090725560986e-17,-0.295318064326515,0.315,0.418,7.65133894130114e-13
"Pdlim4",3.01136190438935e-17,-0.304911306358422,0.488,0.604,7.70366602380883e-13
"Id2",3.12226577816004e-17,0.2793805879589,0.892,0.807,7.98738031368901e-13
"Rgma",9.1729135170156e-17,0.317089160192677,0.533,0.456,2.34661473592293e-12
"Ccnd1",2.47785013931343e-16,-0.271344248562098,0.924,0.925,6.33883622639163e-12
"Tgif1",4.19336091349961e-16,0.251789534367375,0.785,0.721,1.07274558889147e-11
"Bex1",1.12697066362099e-15,-0.26725952376478,0.979,0.961,2.88301635167522e-11
"Snhg15",1.361093291418e-15,0.261346599114819,0.834,0.83,3.48194885810552e-11
"Brd9",1.99481047004467e-15,0.259856044915801,0.67,0.637,5.10312414446828e-11
"Fzd7",7.15723668250275e-15,0.274286295519146,0.421,0.337,1.83096428811785e-10
"Zfp703",1.13156496627026e-14,0.292215767164756,0.382,0.294,2.89476949671258e-10
"Ccne2",5.64107142509859e-14,0.276321764209015,0.647,0.585,1.44309889196872e-09
"Ptch1",8.73364508025182e-14,0.286869831597337,0.742,0.657,2.23424108443002e-09
"Blvrb",2.37871516040051e-13,-0.351267216898046,0.186,0.271,6.08522912333657e-09
"Rbp4",3.65974491632642e-13,-0.428670730798266,0.098,0.165,9.36235944494626e-09
"Peg3",6.85520279052128e-13,0.316648607598251,0.865,0.784,1.75369797787115e-08
"Mt1",7.14892408519171e-13,-0.359124416468355,0.206,0.29,1.82883775947374e-08
"Hoxb5os",4.09237725643629e-12,-0.657650017987185,0.336,0.391,1.04691194974153e-07
"Zeb2",4.68564362505771e-12,0.268004922303006,0.712,0.662,1.19868135216226e-07
"Cdh2",1.52662243912882e-11,0.322533053081373,0.845,0.853,3.90540552377935e-07
"Malat1",3.39321116966204e-11,0.265816890883081,1,0.999,8.68051281422944e-07
"Fgf18",3.77578736441077e-11,-0.269545890114534,0.082,0.138,9.65921923563563e-07
"Map1b",7.1966816060939e-11,0.253883609983543,0.845,0.776,1.84105508847094e-06
"Zfp36l2",8.31410251935314e-11,0.28563977040502,0.622,0.576,2.12691370650092e-06
"Mn1",8.34298827862122e-11,0.254763899608184,0.314,0.243,2.13430326143688e-06
"Rbp1",1.99247186566986e-10,-0.288157693712127,0.935,0.927,5.09714152675664e-06
"Cthrc1",2.30032018404246e-10,-0.269063021865309,0.363,0.446,5.88467909481743e-06
"Arg1",7.98452657931914e-10,-0.376144339138343,0.253,0.326,2.04260158952142e-05
"Lmo2",8.50492335427502e-10,-0.355588578168032,0.198,0.264,2.17572949249063e-05
"Cited1",2.96661546186935e-09,-0.50465824562332,0.502,0.563,7.58919567455416e-05
"Sox2",3.54095041171697e-09,0.281377580582732,0.503,0.431,9.05845934325436e-05
"Hoxa9",1.13790500525894e-08,-0.308706874192909,0.163,0.224,0.000291098858445343
"Fgf17",1.33912554843656e-08,-0.32108528855278,0.19,0.252,0.000342575097801042
"Sp8",4.3374006440963e-08,0.265076488035876,0.385,0.334,0.00110959383277272
"Ccnd2",5.16417691401564e-08,0.25684474111564,0.95,0.918,0.00132109973814348
"Efnb1",1.61849433760773e-07,0.257363374215745,0.446,0.4,0.00414043221446809
"Krt19",2.84958874983449e-07,-0.429327962966043,0.175,0.23,0.00728981793982658
"Hoxa7",4.99196174576513e-07,-0.274404252695692,0.236,0.293,0.0127704365380164
"Fam181b",5.81324317857758e-07,-0.304222430416698,0.187,0.246,0.0148714386994372
"Tcf15",1.65350758963284e-06,-0.639318830315533,0.171,0.223,0.0423000311579874
"Plod2",7.47188971171832e-06,0.257149316771254,0.606,0.591,0.191145882605178
"Rps29",8.80006278205737e-06,0.32588883714637,1,1,0.225123206090591
"Sox21",1.20301059507395e-05,0.298761040661844,0.245,0.204,0.307754170431817
"Gm47283",1.98704234563055e-05,0.292938963056673,0.917,0.988,0.508325172859206
"Myl9",3.17692972005202e-05,-0.255341050615161,0.254,0.308,0.812722160983709
"Hoxc8",5.92632273415169e-05,-0.298551114828384,0.243,0.286,1
"Hoxaas3",7.8154099202157e-05,-0.494307385546492,0.417,0.436,1
"Igfbp2",0.000268575626221402,-0.310649613461252,0.774,0.751,1
"Meox1",0.000349808322849494,-0.344204206219076,0.181,0.219,1
"Sox9",0.000618864187345446,0.279724499558608,0.312,0.272,1
"Ckb",0.000718134641438225,-0.333255178251694,0.358,0.408,1
"5430431A17Rik",0.00101901186082523,0.381500030217644,0.111,0.082,1
"Cdx4",0.00117116580395108,-0.491016556733153,0.304,0.323,1
"Car2",0.00152369114041149,-0.272905176003739,0.39,0.429,1
"Myl3",0.00235803637055039,-0.271564948993493,0.081,0.106,1
"Sh3bgr",0.00301422699080035,-0.29529420747392,0.121,0.152,1
"Myl4",0.00307439682819684,-0.316092960937168,0.137,0.169,1
"Tnnc1",0.00335717970852784,-0.250251604233672,0.106,0.134,1
"Comt",0.00445730445717518,0.345970367038768,0.72,0.733,1
"Fgf8",0.00507194285163285,-0.385287729984026,0.432,0.458,1
"H19",0.00675108941276038,0.291847106422464,0.672,0.638,1
"Crabp1",0.00899863930359516,-0.279928350856805,0.913,0.876,1
"Twist1",0.00987208318149898,-0.342800261088148,0.401,0.423,1
"Pax6",0.0162311084616684,0.357069190874401,0.214,0.196,1
"Myl7",0.0283373759697205,-0.279431057263561,0.272,0.306,1
"Crabp2",0.0544504362832574,-0.268223062172846,0.823,0.782,1
"Ahnak",0.0579515781274166,0.286536487762447,0.208,0.192,1
"Phlda2",0.109490736531519,-0.469296329617483,0.507,0.502,1
"Dqx1",0.202302906525656,0.46188843008284,0.205,0.195,1
"Spink1",0.241916763400773,0.390302922842544,0.113,0.125,1
"Pmp22",0.264507140915862,0.26813703141076,0.326,0.351,1
"Cdkn1c",0.277760220084019,-0.278528206836018,0.719,0.711,1
"Epcam",0.332898904017874,-0.356904618350863,0.317,0.292,1
"Actc1",0.486195052937896,-0.387451187111838,0.125,0.119,1
